K,Repeat,Seed,Total_Generated,Num_Vehicles,Expected_Received,Actual_Received,PDR(%),Elapsed_Sec,Bitrate,AvoidBeaconSync
1,1,954138,2000,47,94000,19381,20.62,49.73,6Mbps,true
1,2,772415,2000,47,94000,19388,20.63,42.74,6Mbps,true
2,1,237711,4000,47,188000,36155,19.23,49.68,6Mbps,true
2,2,476091,4000,47,188000,36158,19.23,44.06,6Mbps,true
3,1,413034,6000,47,282000,50716,17.98,42.41,6Mbps,true
3,2,964181,6000,47,282000,50712,17.98,53.15,6Mbps,true
4,1,427495,8000,47,376000,56059,14.91,56.53,6Mbps,true
4,2,776067,8000,47,376000,55871,14.86,54.84,6Mbps,true
5,1,779406,10000,47,470000,82737,17.6,60.01,6Mbps,true
5,2,408633,10000,47,470000,82975,17.65,58.5,6Mbps,true
