Step,Temp,X,Y,Lat,Lon,PDR,Accepted,IsBest
1,10.0,1599.1491686192714,0.0,49.56103450857409,11.019829710873289,0.0,True,True
2,10.0,1652.1590148461448,117.6538703114536,49.56207932267262,11.020605929441073,0.0,True,True
3,10.0,1628.7355607517259,0.0,49.561027369084364,11.020238574397945,0.0,True,True
4,8.5,1630.3421471827346,0.0,49.5610269813578,11.020260776309222,0.0,True,True
5,8.5,1675.3074785165916,13.48244418096499,49.56113732343828,11.020887169584318,0.0,True,True
6,8.5,1702.0871836793642,106.31158118431298,49.56196531150618,11.02129170611984,0.0,True,True
7,7.225,1793.8329592292066,165.75339968078103,49.562477481335726,11.022581671816427,0.3617021276595745,True,True
8,7.225,1793.8329592292066,165.75339968078103,49.562477481335726,11.022581671816427,0.3617021276595745,False,True
9,7.225,1744.8113227629947,43.5771526948254,49.56139106568422,11.021858840374323,0.0,True,False
10,6.141249999999999,1849.0596326672326,74.69496210489271,49.561645599552165,11.023311050821583,0.0,True,False
11,6.141249999999999,1917.9791686753779,85.56338954130294,49.56172663512401,11.02426752127925,0.0,True,False
12,6.141249999999999,1881.5394818378838,101.17557892327105,49.56187578564648,11.023769746557806,0.0,True,False
13,5.220062499999999,1917.0954075471577,209.6876490165042,49.562842616294475,11.024301453769887,0.5212765957446809,True,True
14,5.220062499999999,1940.3010511241864,271.0591998809812,49.56338867996097,11.024644971456032,1.074468085106383,True,True
15,5.220062499999999,1804.048366220885,189.42868257644528,49.562687833085945,11.02273164072741,0.6382978723404255,True,False
16,4.437053124999999,1677.9859592979733,109.26594848475433,49.56199768779902,11.02095973420909,0.0,True,False
17,4.437053124999999,1611.378040231001,149.97128176407438,49.5623796708365,11.020054341996195,0.13829787234042554,True,False
18,4.437053124999999,1570.8276939220264,111.02557189913917,49.56203936640023,11.01947950408032,0.0,True,False
19,3.7714951562499994,1500.9210405367603,242.02194821288737,49.563233772976766,11.018561984695264,0.5319148936170213,True,False
20,3.7714951562499994,1545.3316561107383,274.7612499129838,49.563517360364045,11.019187878046779,0.8404255319148936,True,False
21,3.7714951562499994,1446.6732505701675,343.49928929808857,49.564159047036725,11.017849890934755,1.2872340425531914,True,True
22,3.2057708828124993,1446.6732505701675,343.49928929808857,49.564159047036725,11.017849890934755,1.2872340425531914,False,True
23,3.2057708828124993,1488.6731785263953,360.58421243048247,49.56430249994256,11.018436672409953,1.5531914893617023,True,True
24,3.2057708828124993,1544.0574538233577,463.43978848742535,49.565213725831875,11.019240242872813,2.404255319148936,True,True
25,2.7249052503906244,1626.857427287231,382.1542100766567,49.56446305934897,11.020354415178797,1.9148936170212765,True,False
26,2.7249052503906244,1571.4933417049556,312.4764728693675,49.56385007658692,11.019563422335281,1.202127659574468,True,False
27,2.7249052503906244,1704.366256005472,425.3867608111682,49.564832969807526,11.021441659316816,1.425531914893617,True,False
28,2.316169462832031,1648.7696202450154,472.01836039963223,49.565265570994285,11.020690599998568,2.404255319148936,True,True
29,2.316169462832031,1617.4591905632146,596.3826373217953,49.566391055703015,11.020304023472525,3.2978723404255317,True,True
30,2.316169462832031,1605.1147463394343,525.8466872712111,49.56575997794638,11.020107240340812,2.925531914893617,True,False
31,1.968744043407226,1623.5251865883795,454.66916982809164,49.56511571035876,11.02033527124314,2.3404255319148937,True,False
32,1.968744043407226,1742.8720516691226,424.4893213702108,49.56481560256722,11.021973490273648,1.4042553191489362,True,False
33,1.968744043407226,1892.1333336176556,427.34720947315014,49.564805219277,11.024037395541555,1.6702127659574468,True,False
34,1.6734324368961422,1769.4061572697938,291.4821221005705,49.56361357424895,11.022290797706223,1.127659574468085,True,False
35,1.6734324368961422,1807.6399697807208,379.10593140945974,49.56439199731266,11.022851744220185,1.1382978723404256,True,False
36,1.6734324368961422,1784.287959820626,248.16424325504687,49.56322058896836,11.022480373819958,1.0319148936170213,True,False
37,1.4224175713617209,1784.287959820626,248.16424325504687,49.56322058896836,11.022480373819958,1.0319148936170213,False,False
38,1.4224175713617209,1784.287959820626,248.16424325504687,49.56322058896836,11.022480373819958,1.0319148936170213,False,False
39,1.4224175713617209,1838.8010705285983,259.25534237768545,49.563307114848655,11.023237861020855,1.0212765957446808,True,False
40,1.2090549356574627,1881.0896101025407,142.72099445644838,49.56224935112951,11.02377897087316,0.05319148936170213,True,False
41,1.2090549356574627,1867.2067220013028,278.86577271277247,49.563476529005996,11.023637713443554,1.148936170212766,True,False
42,1.2090549356574627,1979.962604114761,207.8824879380997,49.56281118332484,11.025169593124863,0.3829787234042553,True,False
43,1.0276966953088433,1883.5581682738004,331.6708397415459,49.563947246755845,11.02388331827792,1.4042553191489362,True,False
44,1.0276966953088433,1883.5581682738004,331.6708397415459,49.563947246755845,11.02388331827792,1.4042553191489362,False,False
45,1.0276966953088433,1883.5581682738004,331.6708397415459,49.563947246755845,11.02388331827792,1.4042553191489362,False,False
46,0.8735421910125168,1895.3718773096882,415.25878333071336,49.5646957719432,11.02407765926162,1.6595744680851061,True,False
47,0.8735421910125168,1904.4779789682416,265.4303521690964,49.56334674502479,11.024147806188461,1.0425531914893618,True,False
48,0.8735421910125168,1760.3210016839912,394.15993704848154,49.56453875282404,11.022203376079673,1.297872340425532,True,False
49,0.7425108623606393,1873.9375650309464,493.6595958568354,49.56540570843414,11.023810573308921,1.521276595744681,True,False
50,0.7425108623606393,1873.9375650309464,493.6595958568354,49.56540570843414,11.023810573308921,1.521276595744681,False,False
51,0.7425108623606393,2008.0223986203446,369.35563147719904,49.56425589363847,11.025617445137184,1.0638297872340425,True,False
52,0.6311342330065435,1878.7861541608597,447.5362810543685,49.564989928382815,11.023860437760462,1.5425531914893618,True,False
53,0.6311342330065435,1958.536482952956,336.05372040429734,49.56396851206873,11.024921155614045,1.5319148936170213,True,False
54,0.6311342330065435,1958.536482952956,336.05372040429734,49.56396851206873,11.024921155614045,1.5319148936170213,False,False
55,0.5364640980555619,1958.536482952956,336.05372040429734,49.56396851206873,11.024921155614045,1.5319148936170213,False,False
56,0.5364640980555619,1958.536482952956,336.05372040429734,49.56396851206873,11.024921155614045,1.5319148936170213,False,False
57,0.5364640980555619,2107.0812899512243,381.0171376961334,49.564336740903734,11.026990796695692,1.2127659574468086,True,False
58,0.45599448334722764,2112.3540422619017,267.3183964566131,49.563313414829544,11.027021337390714,0.5425531914893618,True,False
59,0.45599448334722764,2063.7797109061385,293.81101199378304,49.563563320134136,11.026359904679714,0.9680851063829787,True,False
60,0.45599448334722764,1982.8141306851116,209.87622732925087,49.562828415394065,11.025209742127597,0.41489361702127653,True,False
61,0.3875953108451435,1982.8141306851116,209.87622732925087,49.562828415394065,11.025209742127597,0.41489361702127653,False,False
62,0.3875953108451435,2090.7047507612356,81.13343229584689,49.56164502103645,11.026652845724087,0.0,True,False
63,0.3875953108451435,2141.3980842501196,0.0,49.56090342929209,11.027323190878898,0.0,True,False
64,0.32945601421837195,2272.052356424321,21.312927997585348,49.56106335725211,11.029136670467588,0.0,True,False
65,0.32945601421837195,2357.438183711547,113.56202732757836,49.56187188891437,11.030351034087007,0.0,True,False
66,0.32945601421837195,2236.517427980194,92.87738204949162,49.56171526936003,11.028672266779791,0.0,True,False
67,0.28003761208561617,2226.6248283911964,161.6001368874468,49.56233542195418,11.028561159343242,0.0,True,False
68,0.28003761208561617,2371.8743918009864,41.12549823303448,49.56121724933361,11.030523522452917,0.0,True,False
69,0.28003761208561617,2323.665173419475,149.6272591388718,49.56220427291128,11.029897754236332,0.0,True,False
70,0.23803197027277373,2230.727845951719,134.2113234888114,49.56208822705966,11.028607657335643,0.0,True,False
71,0.23803197027277373,2164.2913893518007,59.15325785344153,49.56142961910005,11.027661585381692,0.0,True,False
72,0.23803197027277373,2147.230612867838,167.55798928199067,49.5624082122998,11.027466180468169,0.06382978723404255,True,False
73,0.20232717473185766,2147.230612867838,167.55798928199067,49.5624082122998,11.027466180468169,0.06382978723404255,False,False
74,0.20232717473185766,2248.0388883918235,308.25686646741605,49.563648542798475,11.028911741011058,0.35106382978723405,True,False
75,0.20232717473185766,2375.948983294262,412.86558679170764,49.564557862518306,11.030718469644425,0.425531914893617,True,False
76,0.17197809852207901,2275.842316475436,408.5579244269232,49.564543418016115,11.029333367547492,0.6063829787234043,True,False
77,0.17197809852207901,2189.9665062351905,378.870012191759,49.564297363677554,11.028135485153737,0.8191489361702128,True,False
78,0.17197809852207901,2057.557126226844,342.5619478848338,49.56400305362812,11.026292051744466,1.2872340425531914,True,False
79,0.14618138374376716,2057.557126226844,342.5619478848338,49.56400305362812,11.026292051744466,1.2872340425531914,False,False
80,0.14618138374376716,2057.557126226844,342.5619478848338,49.56400305362812,11.026292051744466,1.2872340425531914,False,False
81,0.14618138374376716,2057.557126226844,342.5619478848338,49.56400305362812,11.026292051744466,1.2872340425531914,False,False
82,0.12425417618220208,2057.557126226844,342.5619478848338,49.56400305362812,11.026292051744466,1.2872340425531914,False,False
83,0.12425417618220208,2057.557126226844,342.5619478848338,49.56400305362812,11.026292051744466,1.2872340425531914,False,False
84,0.12425417618220208,1924.706708099089,367.81522622252515,49.56426220244129,11.024465434500678,1.6170212765957446,True,False
85,0.10561604975487177,1925.561822974943,473.63119383701076,49.565213187185705,11.024516599136097,1.8936170212765957,True,False
86,0.10561604975487177,1925.561822974943,473.63119383701076,49.565213187185705,11.024516599136097,1.8936170212765957,False,False
87,0.10561604975487177,1925.561822974943,473.63119383701076,49.565213187185705,11.024516599136097,1.8936170212765957,False,False
