Combo_ID,RSU1_ID,RSU1_X,RSU1_Y,RSU1_Single_PDR,RSU2_ID,RSU2_X,RSU2_Y,RSU2_Single_PDR,Combined_PDR
Combo_1,cluster_15159499_18038479_21113262_347787163_8851291,1318.7267715336056,1365.101456163451,28.212765957446805,1391319738,1108.2293298036093,1394.3961526518688,25.20212765957447,26.550531914893615
Combo_2,cluster_15159499_18038479_21113262_347787163_8851291,1318.7267715336056,1365.101456163451,28.212765957446805,348243041,1355.8599521644646,1566.672000435181,17.76595744680851,22.54787234042553
Combo_27,1391319738,1108.2293298036093,1394.3961526518688,25.20212765957447,348243041,1355.8599521644646,1566.672000435181,17.76595744680851,20.520744680851063
Combo_3,cluster_15159499_18038479_21113262_347787163_8851291,1318.7267715336056,1365.101456163451,28.212765957446805,1154372516,2359.9078877496067,1065.4797123670578,5.5638297872340425,16.882978723404253
Combo_5,cluster_15159499_18038479_21113262_347787163_8851291,1318.7267715336056,1365.101456163451,28.212765957446805,21970024,1584.957231852226,1011.3611775385216,3.861702127659575,16.377659574468083
Combo_4,cluster_15159499_18038479_21113262_347787163_8851291,1318.7267715336056,1365.101456163451,28.212765957446805,cluster_1291385696_21971288,2460.9949975714558,1244.2001482555645,4.425531914893617,16.24468085106383
Combo_6,cluster_15159499_18038479_21113262_347787163_8851291,1318.7267715336056,1365.101456163451,28.212765957446805,17574097,1903.3333228518024,1893.8638708032668,3.446808510638298,16.02659574468085
Combo_8,cluster_15159499_18038479_21113262_347787163_8851291,1318.7267715336056,1365.101456163451,28.212765957446805,26841333,2582.2896374859847,2018.526972612366,2.8191489361702127,15.654255319148936
Combo_9,cluster_15159499_18038479_21113262_347787163_8851291,1318.7267715336056,1365.101456163451,28.212765957446805,17574061,1613.6646088467678,1704.3019306017086,2.606382978723404,15.53191489361702
Combo_7,cluster_15159499_18038479_21113262_347787163_8851291,1318.7267715336056,1365.101456163451,28.212765957446805,26841358,2169.4467541250638,1324.998076606542,2.872340425531915,15.436170212765957
Combo_28,1391319738,1108.2293298036093,1394.3961526518688,25.20212765957447,1154372516,2359.9078877496067,1065.4797123670578,5.5638297872340425,15.367021276595743
Combo_10,cluster_15159499_18038479_21113262_347787163_8851291,1318.7267715336056,1365.101456163451,28.212765957446805,19755457,742.8685853922507,1547.9398867161945,1.8617021276595744,15.042553191489361
Combo_11,cluster_15159499_18038479_21113262_347787163_8851291,1318.7267715336056,1365.101456163451,28.212765957446805,cluster_314448309_824235741,844.8437027597101,1218.2629532963035,1.6382978723404256,14.819148936170212
Combo_30,1391319738,1108.2293298036093,1394.3961526518688,25.20212765957447,21970024,1584.957231852226,1011.3611775385216,3.861702127659575,14.797872340425533
Combo_13,cluster_15159499_18038479_21113262_347787163_8851291,1318.7267715336056,1365.101456163451,28.212765957446805,19755421,1418.29960822477,1995.0837304303425,1.1702127659574468,14.765957446808512
Combo_12,cluster_15159499_18038479_21113262_347787163_8851291,1318.7267715336056,1365.101456163451,28.212765957446805,314448358,749.7437549999449,1024.7167288772762,1.5425531914893618,14.755319148936168
Combo_29,1391319738,1108.2293298036093,1394.3961526518688,25.20212765957447,cluster_1291385696_21971288,2460.9949975714558,1244.2001482555645,4.425531914893617,14.73404255319149
Combo_14,cluster_15159499_18038479_21113262_347787163_8851291,1318.7267715336056,1365.101456163451,28.212765957446805,252726522,2158.717895301874,662.6837204853073,1.0851063829787235,14.659574468085108
Combo_15,cluster_15159499_18038479_21113262_347787163_8851291,1318.7267715336056,1365.101456163451,28.212765957446805,26841354,1879.9209603789493,1613.339192780666,0.8936170212765958,14.563829787234042
Combo_31,1391319738,1108.2293298036093,1394.3961526518688,25.20212765957447,17574097,1903.3333228518024,1893.8638708032668,3.446808510638298,14.51595744680851
Combo_16,cluster_15159499_18038479_21113262_347787163_8851291,1318.7267715336056,1365.101456163451,28.212765957446805,21970003,1392.5806327123428,1092.7498201234266,0.7872340425531915,14.48404255319149
Combo_18,cluster_15159499_18038479_21113262_347787163_8851291,1318.7267715336056,1365.101456163451,28.212765957446805,14319161,219.0621956209652,933.7101204860955,0.6914893617021276,14.457446808510637
Combo_17,cluster_15159499_18038479_21113262_347787163_8851291,1318.7267715336056,1365.101456163451,28.212765957446805,cluster_347349857_347349858,292.67258916574065,1397.3318315809593,0.6914893617021276,14.329787234042554
Combo_19,cluster_15159499_18038479_21113262_347787163_8851291,1318.7267715336056,1365.101456163451,28.212765957446805,12452103,2465.67790639808,599.2091947440058,0.3723404255319149,14.302127659574468
Combo_20,cluster_15159499_18038479_21113262_347787163_8851291,1318.7267715336056,1365.101456163451,28.212765957446805,354910587,463.9579251469113,585.6913986252621,0.3085106382978723,14.249999999999998
Combo_33,1391319738,1108.2293298036093,1394.3961526518688,25.20212765957447,26841333,2582.2896374859847,2018.526972612366,2.8191489361702127,14.148936170212767
Combo_22,cluster_15159499_18038479_21113262_347787163_8851291,1318.7267715336056,1365.101456163451,28.212765957446805,89119479,1977.410551787936,1232.4977780682966,0.0638297872340425,14.143617021276594
Combo_21,cluster_15159499_18038479_21113262_347787163_8851291,1318.7267715336056,1365.101456163451,28.212765957446805,12247702,570.1719344240846,1877.2897394159809,0.0744680851063829,14.142553191489363
Combo_25,cluster_15159499_18038479_21113262_347787163_8851291,1318.7267715336056,1365.101456163451,28.212765957446805,cluster_12247700_12529558,489.9967898771865,1517.3900169646367,0.0,14.105319148936172
Combo_23,cluster_15159499_18038479_21113262_347787163_8851291,1318.7267715336056,1365.101456163451,28.212765957446805,19769114,192.70471265434756,703.2901573758572,0.0,14.105319148936172
Combo_26,cluster_15159499_18038479_21113262_347787163_8851291,1318.7267715336056,1365.101456163451,28.212765957446805,26841336,2130.120112635312,1638.0973390536385,0.0,14.105319148936172
Combo_24,cluster_15159499_18038479_21113262_347787163_8851291,1318.7267715336056,1365.101456163451,28.212765957446805,16933971,935.1924915671116,1922.187656639144,0.0,14.105319148936172
Combo_34,1391319738,1108.2293298036093,1394.3961526518688,25.20212765957447,17574061,1613.6646088467678,1704.3019306017086,2.606382978723404,13.946808510638299
Combo_32,1391319738,1108.2293298036093,1394.3961526518688,25.20212765957447,26841358,2169.4467541250638,1324.998076606542,2.872340425531915,13.930851063829788
Combo_36,1391319738,1108.2293298036093,1394.3961526518688,25.20212765957447,cluster_314448309_824235741,844.8437027597101,1218.2629532963035,1.6382978723404256,13.340425531914892
Combo_37,1391319738,1108.2293298036093,1394.3961526518688,25.20212765957447,314448358,749.7437549999449,1024.7167288772762,1.5425531914893618,13.276595744680849
Combo_38,1391319738,1108.2293298036093,1394.3961526518688,25.20212765957447,19755421,1418.29960822477,1995.0837304303425,1.1702127659574468,13.26595744680851
Combo_35,1391319738,1108.2293298036093,1394.3961526518688,25.20212765957447,19755457,742.8685853922507,1547.9398867161945,1.8617021276595744,13.191489361702127
Combo_39,1391319738,1108.2293298036093,1394.3961526518688,25.20212765957447,252726522,2158.717895301874,662.6837204853073,1.0851063829787235,13.154255319148936
Combo_40,1391319738,1108.2293298036093,1394.3961526518688,25.20212765957447,26841354,1879.9209603789493,1613.339192780666,0.8936170212765958,13.061170212765957
Combo_43,1391319738,1108.2293298036093,1394.3961526518688,25.20212765957447,14319161,219.0621956209652,933.7101204860955,0.6914893617021276,12.962765957446809
Combo_41,1391319738,1108.2293298036093,1394.3961526518688,25.20212765957447,21970003,1392.5806327123428,1092.7498201234266,0.7872340425531915,12.961170212765957
Combo_42,1391319738,1108.2293298036093,1394.3961526518688,25.20212765957447,cluster_347349857_347349858,292.67258916574065,1397.3318315809593,0.6914893617021276,12.828723404255319
Combo_44,1391319738,1108.2293298036093,1394.3961526518688,25.20212765957447,12452103,2465.67790639808,599.2091947440058,0.3723404255319149,12.797872340425531
Combo_45,1391319738,1108.2293298036093,1394.3961526518688,25.20212765957447,354910587,463.9579251469113,585.6913986252621,0.3085106382978723,12.792553191489361
Combo_46,1391319738,1108.2293298036093,1394.3961526518688,25.20212765957447,12247702,570.1719344240846,1877.2897394159809,0.0744680851063829,12.643617021276595
Combo_47,1391319738,1108.2293298036093,1394.3961526518688,25.20212765957447,89119479,1977.410551787936,1232.4977780682966,0.0638297872340425,12.643617021276595
Combo_51,1391319738,1108.2293298036093,1394.3961526518688,25.20212765957447,26841336,2130.120112635312,1638.0973390536385,0.0,12.601063829787234
Combo_49,1391319738,1108.2293298036093,1394.3961526518688,25.20212765957447,16933971,935.1924915671116,1922.187656639144,0.0,12.601063829787234
Combo_50,1391319738,1108.2293298036093,1394.3961526518688,25.20212765957447,cluster_12247700_12529558,489.9967898771865,1517.3900169646367,0.0,12.601063829787234
Combo_48,1391319738,1108.2293298036093,1394.3961526518688,25.20212765957447,19769114,192.70471265434756,703.2901573758572,0.0,12.601063829787234
Combo_52,348243041,1355.8599521644646,1566.672000435181,17.76595744680851,1154372516,2359.9078877496067,1065.4797123670578,5.5638297872340425,11.664893617021278
Combo_53,348243041,1355.8599521644646,1566.672000435181,17.76595744680851,cluster_1291385696_21971288,2460.9949975714558,1244.2001482555645,4.425531914893617,11.02127659574468
Combo_54,348243041,1355.8599521644646,1566.672000435181,17.76595744680851,21970024,1584.957231852226,1011.3611775385216,3.861702127659575,10.813829787234043
Combo_55,348243041,1355.8599521644646,1566.672000435181,17.76595744680851,17574097,1903.3333228518024,1893.8638708032668,3.446808510638298,10.601063829787234
Combo_56,348243041,1355.8599521644646,1566.672000435181,17.76595744680851,26841358,2169.4467541250638,1324.998076606542,2.872340425531915,10.324468085106384
Combo_57,348243041,1355.8599521644646,1566.672000435181,17.76595744680851,26841333,2582.2896374859847,2018.526972612366,2.8191489361702127,10.292553191489361
Combo_58,348243041,1355.8599521644646,1566.672000435181,17.76595744680851,17574061,1613.6646088467678,1704.3019306017086,2.606382978723404,10.186170212765958
Combo_59,348243041,1355.8599521644646,1566.672000435181,17.76595744680851,19755457,742.8685853922507,1547.9398867161945,1.8617021276595744,9.813829787234042
Combo_60,348243041,1355.8599521644646,1566.672000435181,17.76595744680851,cluster_314448309_824235741,844.8437027597101,1218.2629532963035,1.6382978723404256,9.696808510638299
Combo_61,348243041,1355.8599521644646,1566.672000435181,17.76595744680851,314448358,749.7437549999449,1024.7167288772762,1.5425531914893618,9.659574468085106
Combo_62,348243041,1355.8599521644646,1566.672000435181,17.76595744680851,19755421,1418.29960822477,1995.0837304303425,1.1702127659574468,9.473404255319148
Combo_63,348243041,1355.8599521644646,1566.672000435181,17.76595744680851,252726522,2158.717895301874,662.6837204853073,1.0851063829787235,9.436170212765957
Combo_64,348243041,1355.8599521644646,1566.672000435181,17.76595744680851,26841354,1879.9209603789493,1613.339192780666,0.8936170212765958,9.319148936170214
Combo_65,348243041,1355.8599521644646,1566.672000435181,17.76595744680851,21970003,1392.5806327123428,1092.7498201234266,0.7872340425531915,9.276595744680852
Combo_66,348243041,1355.8599521644646,1566.672000435181,17.76595744680851,cluster_347349857_347349858,292.67258916574065,1397.3318315809593,0.6914893617021276,9.22872340425532
Combo_67,348243041,1355.8599521644646,1566.672000435181,17.76595744680851,14319161,219.0621956209652,933.7101204860955,0.6914893617021276,9.22872340425532
Combo_68,348243041,1355.8599521644646,1566.672000435181,17.76595744680851,12452103,2465.67790639808,599.2091947440058,0.3723404255319149,9.079787234042554
Combo_69,348243041,1355.8599521644646,1566.672000435181,17.76595744680851,354910587,463.9579251469113,585.6913986252621,0.3085106382978723,9.042553191489363
Combo_71,348243041,1355.8599521644646,1566.672000435181,17.76595744680851,89119479,1977.410551787936,1232.4977780682966,0.0638297872340425,8.920212765957448
Combo_70,348243041,1355.8599521644646,1566.672000435181,17.76595744680851,12247702,570.1719344240846,1877.2897394159809,0.0744680851063829,8.920212765957448
Combo_74,348243041,1355.8599521644646,1566.672000435181,17.76595744680851,cluster_12247700_12529558,489.9967898771865,1517.3900169646367,0.0,8.882978723404255
Combo_73,348243041,1355.8599521644646,1566.672000435181,17.76595744680851,16933971,935.1924915671116,1922.187656639144,0.0,8.882978723404255
Combo_72,348243041,1355.8599521644646,1566.672000435181,17.76595744680851,19769114,192.70471265434756,703.2901573758572,0.0,8.882978723404255
Combo_75,348243041,1355.8599521644646,1566.672000435181,17.76595744680851,26841336,2130.120112635312,1638.0973390536385,0.0,8.882978723404255
Combo_76,1154372516,2359.9078877496067,1065.4797123670578,5.5638297872340425,cluster_1291385696_21971288,2460.9949975714558,1244.2001482555645,4.425531914893617,5.212765957446808
Combo_77,1154372516,2359.9078877496067,1065.4797123670578,5.5638297872340425,21970024,1584.957231852226,1011.3611775385216,3.861702127659575,4.712765957446809
Combo_78,1154372516,2359.9078877496067,1065.4797123670578,5.5638297872340425,17574097,1903.3333228518024,1893.8638708032668,3.446808510638298,4.5
Combo_79,1154372516,2359.9078877496067,1065.4797123670578,5.5638297872340425,26841358,2169.4467541250638,1324.998076606542,2.872340425531915,4.4361702127659575
Combo_99,cluster_1291385696_21971288,2460.9949975714558,1244.2001482555645,4.425531914893617,21970024,1584.957231852226,1011.3611775385216,3.861702127659575,4.25
Combo_80,1154372516,2359.9078877496067,1065.4797123670578,5.5638297872340425,26841333,2582.2896374859847,2018.526972612366,2.8191489361702127,4.191489361702128
Combo_81,1154372516,2359.9078877496067,1065.4797123670578,5.5638297872340425,17574061,1613.6646088467678,1704.3019306017086,2.606382978723404,4.085106382978723
Combo_100,cluster_1291385696_21971288,2460.9949975714558,1244.2001482555645,4.425531914893617,17574097,1903.3333228518024,1893.8638708032668,3.446808510638298,3.9361702127659575
Combo_82,1154372516,2359.9078877496067,1065.4797123670578,5.5638297872340425,19755457,742.8685853922507,1547.9398867161945,1.8617021276595744,3.7127659574468086
Combo_121,21970024,1584.957231852226,1011.3611775385216,3.861702127659575,17574097,1903.3333228518024,1893.8638708032668,3.446808510638298,3.648936170212766
Combo_101,cluster_1291385696_21971288,2460.9949975714558,1244.2001482555645,4.425531914893617,26841358,2169.4467541250638,1324.998076606542,2.872340425531915,3.648936170212766
Combo_102,cluster_1291385696_21971288,2460.9949975714558,1244.2001482555645,4.425531914893617,26841333,2582.2896374859847,2018.526972612366,2.8191489361702127,3.622340425531915
Combo_83,1154372516,2359.9078877496067,1065.4797123670578,5.5638297872340425,cluster_314448309_824235741,844.8437027597101,1218.2629532963035,1.6382978723404256,3.595744680851064
Combo_84,1154372516,2359.9078877496067,1065.4797123670578,5.5638297872340425,314448358,749.7437549999449,1024.7167288772762,1.5425531914893618,3.5585106382978724
Combo_103,cluster_1291385696_21971288,2460.9949975714558,1244.2001482555645,4.425531914893617,17574061,1613.6646088467678,1704.3019306017086,2.606382978723404,3.4414893617021276
Combo_122,21970024,1584.957231852226,1011.3611775385216,3.861702127659575,26841358,2169.4467541250638,1324.998076606542,2.872340425531915,3.420212765957447
Combo_85,1154372516,2359.9078877496067,1065.4797123670578,5.5638297872340425,19755421,1418.29960822477,1995.0837304303425,1.1702127659574468,3.3723404255319145
Combo_123,21970024,1584.957231852226,1011.3611775385216,3.861702127659575,26841333,2582.2896374859847,2018.526972612366,2.8191489361702127,3.3404255319148937
Combo_86,1154372516,2359.9078877496067,1065.4797123670578,5.5638297872340425,252726522,2158.717895301874,662.6837204853073,1.0851063829787235,3.335106382978723
Combo_124,21970024,1584.957231852226,1011.3611775385216,3.861702127659575,17574061,1613.6646088467678,1704.3019306017086,2.606382978723404,3.234042553191489
Combo_87,1154372516,2359.9078877496067,1065.4797123670578,5.5638297872340425,26841354,1879.9209603789493,1613.339192780666,0.8936170212765958,3.2180851063829783
Combo_88,1154372516,2359.9078877496067,1065.4797123670578,5.5638297872340425,21970003,1392.5806327123428,1092.7498201234266,0.7872340425531915,3.175531914893617
Combo_142,17574097,1903.3333228518024,1893.8638708032668,3.446808510638298,26841358,2169.4467541250638,1324.998076606542,2.872340425531915,3.1595744680851063
Combo_143,17574097,1903.3333228518024,1893.8638708032668,3.446808510638298,26841333,2582.2896374859847,2018.526972612366,2.8191489361702127,3.132978723404255
Combo_89,1154372516,2359.9078877496067,1065.4797123670578,5.5638297872340425,cluster_347349857_347349858,292.67258916574065,1397.3318315809593,0.6914893617021276,3.127659574468085
Combo_90,1154372516,2359.9078877496067,1065.4797123670578,5.5638297872340425,14319161,219.0621956209652,933.7101204860955,0.6914893617021276,3.127659574468085
Combo_104,cluster_1291385696_21971288,2460.9949975714558,1244.2001482555645,4.425531914893617,19755457,742.8685853922507,1547.9398867161945,1.8617021276595744,3.0691489361702127
Combo_105,cluster_1291385696_21971288,2460.9949975714558,1244.2001482555645,4.425531914893617,cluster_314448309_824235741,844.8437027597101,1218.2629532963035,1.6382978723404256,3.0319148936170213
Combo_144,17574097,1903.3333228518024,1893.8638708032668,3.446808510638298,17574061,1613.6646088467678,1704.3019306017086,2.606382978723404,3.021276595744681
Combo_106,cluster_1291385696_21971288,2460.9949975714558,1244.2001482555645,4.425531914893617,314448358,749.7437549999449,1024.7167288772762,1.5425531914893618,2.9840425531914896
Combo_91,1154372516,2359.9078877496067,1065.4797123670578,5.5638297872340425,12452103,2465.67790639808,599.2091947440058,0.3723404255319149,2.9787234042553195
Combo_92,1154372516,2359.9078877496067,1065.4797123670578,5.5638297872340425,354910587,463.9579251469113,585.6913986252621,0.3085106382978723,2.9414893617021276
Combo_125,21970024,1584.957231852226,1011.3611775385216,3.861702127659575,19755457,742.8685853922507,1547.9398867161945,1.8617021276595744,2.8617021276595747
Combo_162,26841358,2169.4467541250638,1324.998076606542,2.872340425531915,26841333,2582.2896374859847,2018.526972612366,2.8191489361702127,2.845744680851064
Combo_93,1154372516,2359.9078877496067,1065.4797123670578,5.5638297872340425,12247702,570.1719344240846,1877.2897394159809,0.0744680851063829,2.8191489361702127
Combo_94,1154372516,2359.9078877496067,1065.4797123670578,5.5638297872340425,89119479,1977.410551787936,1232.4977780682966,0.0638297872340425,2.8191489361702127
Combo_107,cluster_1291385696_21971288,2460.9949975714558,1244.2001482555645,4.425531914893617,19755421,1418.29960822477,1995.0837304303425,1.1702127659574468,2.797872340425532
Combo_96,1154372516,2359.9078877496067,1065.4797123670578,5.5638297872340425,16933971,935.1924915671116,1922.187656639144,0.0,2.7819148936170213
Combo_95,1154372516,2359.9078877496067,1065.4797123670578,5.5638297872340425,19769114,192.70471265434756,703.2901573758572,0.0,2.7819148936170213
Combo_98,1154372516,2359.9078877496067,1065.4797123670578,5.5638297872340425,26841336,2130.120112635312,1638.0973390536385,0.0,2.7819148936170213
Combo_97,1154372516,2359.9078877496067,1065.4797123670578,5.5638297872340425,cluster_12247700_12529558,489.9967898771865,1517.3900169646367,0.0,2.7819148936170213
Combo_108,cluster_1291385696_21971288,2460.9949975714558,1244.2001482555645,4.425531914893617,252726522,2158.717895301874,662.6837204853073,1.0851063829787235,2.75531914893617
Combo_126,21970024,1584.957231852226,1011.3611775385216,3.861702127659575,cluster_314448309_824235741,844.8437027597101,1218.2629532963035,1.6382978723404256,2.74468085106383
Combo_163,26841358,2169.4467541250638,1324.998076606542,2.872340425531915,17574061,1613.6646088467678,1704.3019306017086,2.606382978723404,2.7393617021276597
Combo_181,26841333,2582.2896374859847,2018.526972612366,2.8191489361702127,17574061,1613.6646088467678,1704.3019306017086,2.606382978723404,2.7127659574468086
Combo_127,21970024,1584.957231852226,1011.3611775385216,3.861702127659575,314448358,749.7437549999449,1024.7167288772762,1.5425531914893618,2.7074468085106385
Combo_109,cluster_1291385696_21971288,2460.9949975714558,1244.2001482555645,4.425531914893617,26841354,1879.9209603789493,1613.339192780666,0.8936170212765958,2.6595744680851063
Combo_145,17574097,1903.3333228518024,1893.8638708032668,3.446808510638298,19755457,742.8685853922507,1547.9398867161945,1.8617021276595744,2.648936170212766
Combo_111,cluster_1291385696_21971288,2460.9949975714558,1244.2001482555645,4.425531914893617,cluster_347349857_347349858,292.67258916574065,1397.3318315809593,0.6914893617021276,2.5585106382978724
Combo_112,cluster_1291385696_21971288,2460.9949975714558,1244.2001482555645,4.425531914893617,14319161,219.0621956209652,933.7101204860955,0.6914893617021276,2.5585106382978724
Combo_146,17574097,1903.3333228518024,1893.8638708032668,3.446808510638298,cluster_314448309_824235741,844.8437027597101,1218.2629532963035,1.6382978723404256,2.5425531914893615
Combo_110,cluster_1291385696_21971288,2460.9949975714558,1244.2001482555645,4.425531914893617,21970003,1392.5806327123428,1092.7498201234266,0.7872340425531915,2.5319148936170213
Combo_128,21970024,1584.957231852226,1011.3611775385216,3.861702127659575,19755421,1418.29960822477,1995.0837304303425,1.1702127659574468,2.5212765957446805
Combo_147,17574097,1903.3333228518024,1893.8638708032668,3.446808510638298,314448358,749.7437549999449,1024.7167288772762,1.5425531914893618,2.49468085106383
Combo_129,21970024,1584.957231852226,1011.3611775385216,3.861702127659575,252726522,2158.717895301874,662.6837204853073,1.0851063829787235,2.484042553191489
Combo_113,cluster_1291385696_21971288,2460.9949975714558,1244.2001482555645,4.425531914893617,12452103,2465.67790639808,599.2091947440058,0.3723404255319149,2.398936170212766
Combo_130,21970024,1584.957231852226,1011.3611775385216,3.861702127659575,26841354,1879.9209603789493,1613.339192780666,0.8936170212765958,2.367021276595745
Combo_114,cluster_1291385696_21971288,2460.9949975714558,1244.2001482555645,4.425531914893617,354910587,463.9579251469113,585.6913986252621,0.3085106382978723,2.367021276595745
Combo_164,26841358,2169.4467541250638,1324.998076606542,2.872340425531915,19755457,742.8685853922507,1547.9398867161945,1.8617021276595744,2.3563829787234045
Combo_182,26841333,2582.2896374859847,2018.526972612366,2.8191489361702127,19755457,742.8685853922507,1547.9398867161945,1.8617021276595744,2.3404255319148937
Combo_131,21970024,1584.957231852226,1011.3611775385216,3.861702127659575,21970003,1392.5806327123428,1092.7498201234266,0.7872340425531915,2.3244680851063833
Combo_148,17574097,1903.3333228518024,1893.8638708032668,3.446808510638298,19755421,1418.29960822477,1995.0837304303425,1.1702127659574468,2.3085106382978724
Combo_132,21970024,1584.957231852226,1011.3611775385216,3.861702127659575,cluster_347349857_347349858,292.67258916574065,1397.3318315809593,0.6914893617021276,2.276595744680851
Combo_133,21970024,1584.957231852226,1011.3611775385216,3.861702127659575,14319161,219.0621956209652,933.7101204860955,0.6914893617021276,2.276595744680851
Combo_149,17574097,1903.3333228518024,1893.8638708032668,3.446808510638298,252726522,2158.717895301874,662.6837204853073,1.0851063829787235,2.265957446808511
Combo_165,26841358,2169.4467541250638,1324.998076606542,2.872340425531915,cluster_314448309_824235741,844.8437027597101,1218.2629532963035,1.6382978723404256,2.25531914893617
Combo_115,cluster_1291385696_21971288,2460.9949975714558,1244.2001482555645,4.425531914893617,12247702,570.1719344240846,1877.2897394159809,0.0744680851063829,2.25
Combo_116,cluster_1291385696_21971288,2460.9949975714558,1244.2001482555645,4.425531914893617,89119479,1977.410551787936,1232.4977780682966,0.0638297872340425,2.24468085106383
Combo_199,17574061,1613.6646088467678,1704.3019306017086,2.606382978723404,19755457,742.8685853922507,1547.9398867161945,1.8617021276595744,2.2340425531914896
Combo_183,26841333,2582.2896374859847,2018.526972612366,2.8191489361702127,cluster_314448309_824235741,844.8437027597101,1218.2629532963035,1.6382978723404256,2.2287234042553195
Combo_120,cluster_1291385696_21971288,2460.9949975714558,1244.2001482555645,4.425531914893617,26841336,2130.120112635312,1638.0973390536385,0.0,2.2127659574468086
Combo_117,cluster_1291385696_21971288,2460.9949975714558,1244.2001482555645,4.425531914893617,19769114,192.70471265434756,703.2901573758572,0.0,2.2127659574468086
Combo_118,cluster_1291385696_21971288,2460.9949975714558,1244.2001482555645,4.425531914893617,16933971,935.1924915671116,1922.187656639144,0.0,2.2127659574468086
Combo_119,cluster_1291385696_21971288,2460.9949975714558,1244.2001482555645,4.425531914893617,cluster_12247700_12529558,489.9967898771865,1517.3900169646367,0.0,2.2127659574468086
Combo_166,26841358,2169.4467541250638,1324.998076606542,2.872340425531915,314448358,749.7437549999449,1024.7167288772762,1.5425531914893618,2.2074468085106385
Combo_184,26841333,2582.2896374859847,2018.526972612366,2.8191489361702127,314448358,749.7437549999449,1024.7167288772762,1.5425531914893618,2.1808510638297873
Combo_150,17574097,1903.3333228518024,1893.8638708032668,3.446808510638298,26841354,1879.9209603789493,1613.339192780666,0.8936170212765958,2.170212765957447
Combo_134,21970024,1584.957231852226,1011.3611775385216,3.861702127659575,12452103,2465.67790639808,599.2091947440058,0.3723404255319149,2.127659574468085
Combo_200,17574061,1613.6646088467678,1704.3019306017086,2.606382978723404,cluster_314448309_824235741,844.8437027597101,1218.2629532963035,1.6382978723404256,2.117021276595745
Combo_151,17574097,1903.3333228518024,1893.8638708032668,3.446808510638298,21970003,1392.5806327123428,1092.7498201234266,0.7872340425531915,2.1117021276595747
Combo_135,21970024,1584.957231852226,1011.3611775385216,3.861702127659575,354910587,463.9579251469113,585.6913986252621,0.3085106382978723,2.0904255319148937
Combo_201,17574061,1613.6646088467678,1704.3019306017086,2.606382978723404,314448358,749.7437549999449,1024.7167288772762,1.5425531914893618,2.0797872340425534
Combo_152,17574097,1903.3333228518024,1893.8638708032668,3.446808510638298,cluster_347349857_347349858,292.67258916574065,1397.3318315809593,0.6914893617021276,2.0691489361702127
Combo_153,17574097,1903.3333228518024,1893.8638708032668,3.446808510638298,14319161,219.0621956209652,933.7101204860955,0.6914893617021276,2.0691489361702127
Combo_167,26841358,2169.4467541250638,1324.998076606542,2.872340425531915,19755421,1418.29960822477,1995.0837304303425,1.1702127659574468,2.021276595744681
Combo_185,26841333,2582.2896374859847,2018.526972612366,2.8191489361702127,19755421,1418.29960822477,1995.0837304303425,1.1702127659574468,1.9946808510638299
Combo_168,26841358,2169.4467541250638,1324.998076606542,2.872340425531915,252726522,2158.717895301874,662.6837204853073,1.0851063829787235,1.978723404255319
Combo_136,21970024,1584.957231852226,1011.3611775385216,3.861702127659575,12247702,570.1719344240846,1877.2897394159809,0.0744680851063829,1.9680851063829787
Combo_137,21970024,1584.957231852226,1011.3611775385216,3.861702127659575,89119479,1977.410551787936,1232.4977780682966,0.0638297872340425,1.9680851063829787
Combo_186,26841333,2582.2896374859847,2018.526972612366,2.8191489361702127,252726522,2158.717895301874,662.6837204853073,1.0851063829787235,1.9521276595744679
Combo_139,21970024,1584.957231852226,1011.3611775385216,3.861702127659575,16933971,935.1924915671116,1922.187656639144,0.0,1.9308510638297873
Combo_138,21970024,1584.957231852226,1011.3611775385216,3.861702127659575,19769114,192.70471265434756,703.2901573758572,0.0,1.9308510638297873
Combo_141,21970024,1584.957231852226,1011.3611775385216,3.861702127659575,26841336,2130.120112635312,1638.0973390536385,0.0,1.9308510638297873
Combo_140,21970024,1584.957231852226,1011.3611775385216,3.861702127659575,cluster_12247700_12529558,489.9967898771865,1517.3900169646367,0.0,1.9308510638297873
Combo_154,17574097,1903.3333228518024,1893.8638708032668,3.446808510638298,12452103,2465.67790639808,599.2091947440058,0.3723404255319149,1.9095744680851063
Combo_202,17574061,1613.6646088467678,1704.3019306017086,2.606382978723404,19755421,1418.29960822477,1995.0837304303425,1.1702127659574468,1.8936170212765957
Combo_169,26841358,2169.4467541250638,1324.998076606542,2.872340425531915,26841354,1879.9209603789493,1613.339192780666,0.8936170212765958,1.8829787234042554
Combo_155,17574097,1903.3333228518024,1893.8638708032668,3.446808510638298,354910587,463.9579251469113,585.6913986252621,0.3085106382978723,1.877659574468085
Combo_203,17574061,1613.6646088467678,1704.3019306017086,2.606382978723404,252726522,2158.717895301874,662.6837204853073,1.0851063829787235,1.8563829787234043
Combo_187,26841333,2582.2896374859847,2018.526972612366,2.8191489361702127,26841354,1879.9209603789493,1613.339192780666,0.8936170212765958,1.8563829787234043
Combo_170,26841358,2169.4467541250638,1324.998076606542,2.872340425531915,21970003,1392.5806327123428,1092.7498201234266,0.7872340425531915,1.8404255319148937
Combo_188,26841333,2582.2896374859847,2018.526972612366,2.8191489361702127,21970003,1392.5806327123428,1092.7498201234266,0.7872340425531915,1.803191489361702
Combo_171,26841358,2169.4467541250638,1324.998076606542,2.872340425531915,cluster_347349857_347349858,292.67258916574065,1397.3318315809593,0.6914893617021276,1.7819148936170215
Combo_172,26841358,2169.4467541250638,1324.998076606542,2.872340425531915,14319161,219.0621956209652,933.7101204860955,0.6914893617021276,1.7819148936170215
Combo_156,17574097,1903.3333228518024,1893.8638708032668,3.446808510638298,12247702,570.1719344240846,1877.2897394159809,0.0744680851063829,1.7606382978723405
Combo_190,26841333,2582.2896374859847,2018.526972612366,2.8191489361702127,14319161,219.0621956209652,933.7101204860955,0.6914893617021276,1.7553191489361704
Combo_189,26841333,2582.2896374859847,2018.526972612366,2.8191489361702127,cluster_347349857_347349858,292.67258916574065,1397.3318315809593,0.6914893617021276,1.7553191489361704
Combo_157,17574097,1903.3333228518024,1893.8638708032668,3.446808510638298,89119479,1977.410551787936,1232.4977780682966,0.0638297872340425,1.7553191489361704
Combo_216,19755457,742.8685853922507,1547.9398867161945,1.8617021276595744,cluster_314448309_824235741,844.8437027597101,1218.2629532963035,1.6382978723404256,1.7446808510638296
Combo_204,17574061,1613.6646088467678,1704.3019306017086,2.606382978723404,26841354,1879.9209603789493,1613.339192780666,0.8936170212765958,1.7393617021276595
Combo_158,17574097,1903.3333228518024,1893.8638708032668,3.446808510638298,19769114,192.70471265434756,703.2901573758572,0.0,1.723404255319149
Combo_160,17574097,1903.3333228518024,1893.8638708032668,3.446808510638298,cluster_12247700_12529558,489.9967898771865,1517.3900169646367,0.0,1.723404255319149
Combo_161,17574097,1903.3333228518024,1893.8638708032668,3.446808510638298,26841336,2130.120112635312,1638.0973390536385,0.0,1.723404255319149
Combo_159,17574097,1903.3333228518024,1893.8638708032668,3.446808510638298,16933971,935.1924915671116,1922.187656639144,0.0,1.723404255319149
Combo_217,19755457,742.8685853922507,1547.9398867161945,1.8617021276595744,314448358,749.7437549999449,1024.7167288772762,1.5425531914893618,1.7074468085106382
Combo_205,17574061,1613.6646088467678,1704.3019306017086,2.606382978723404,21970003,1392.5806327123428,1092.7498201234266,0.7872340425531915,1.696808510638298
Combo_207,17574061,1613.6646088467678,1704.3019306017086,2.606382978723404,14319161,219.0621956209652,933.7101204860955,0.6914893617021276,1.6489361702127658
Combo_206,17574061,1613.6646088467678,1704.3019306017086,2.606382978723404,cluster_347349857_347349858,292.67258916574065,1397.3318315809593,0.6914893617021276,1.6489361702127658
Combo_173,26841358,2169.4467541250638,1324.998076606542,2.872340425531915,12452103,2465.67790639808,599.2091947440058,0.3723404255319149,1.6223404255319147
Combo_191,26841333,2582.2896374859847,2018.526972612366,2.8191489361702127,12452103,2465.67790639808,599.2091947440058,0.3723404255319149,1.5957446808510638
Combo_174,26841358,2169.4467541250638,1324.998076606542,2.872340425531915,354910587,463.9579251469113,585.6913986252621,0.3085106382978723,1.5904255319148937
Combo_232,cluster_314448309_824235741,844.8437027597101,1218.2629532963035,1.6382978723404256,314448358,749.7437549999449,1024.7167288772762,1.5425531914893618,1.5904255319148937
Combo_192,26841333,2582.2896374859847,2018.526972612366,2.8191489361702127,354910587,463.9579251469113,585.6913986252621,0.3085106382978723,1.5638297872340425
Combo_218,19755457,742.8685853922507,1547.9398867161945,1.8617021276595744,19755421,1418.29960822477,1995.0837304303425,1.1702127659574468,1.521276595744681
Combo_208,17574061,1613.6646088467678,1704.3019306017086,2.606382978723404,12452103,2465.67790639808,599.2091947440058,0.3723404255319149,1.5
Combo_219,19755457,742.8685853922507,1547.9398867161945,1.8617021276595744,252726522,2158.717895301874,662.6837204853073,1.0851063829787235,1.4840425531914894
Combo_175,26841358,2169.4467541250638,1324.998076606542,2.872340425531915,12247702,570.1719344240846,1877.2897394159809,0.0744680851063829,1.473404255319149
Combo_176,26841358,2169.4467541250638,1324.998076606542,2.872340425531915,89119479,1977.410551787936,1232.4977780682966,0.0638297872340425,1.4680851063829787
Combo_209,17574061,1613.6646088467678,1704.3019306017086,2.606382978723404,354910587,463.9579251469113,585.6913986252621,0.3085106382978723,1.4627659574468086
Combo_193,26841333,2582.2896374859847,2018.526972612366,2.8191489361702127,12247702,570.1719344240846,1877.2897394159809,0.0744680851063829,1.446808510638298
Combo_194,26841333,2582.2896374859847,2018.526972612366,2.8191489361702127,89119479,1977.410551787936,1232.4977780682966,0.0638297872340425,1.4414893617021276
Combo_179,26841358,2169.4467541250638,1324.998076606542,2.872340425531915,cluster_12247700_12529558,489.9967898771865,1517.3900169646367,0.0,1.4361702127659575
Combo_177,26841358,2169.4467541250638,1324.998076606542,2.872340425531915,19769114,192.70471265434756,703.2901573758572,0.0,1.4361702127659575
Combo_178,26841358,2169.4467541250638,1324.998076606542,2.872340425531915,16933971,935.1924915671116,1922.187656639144,0.0,1.4361702127659575
Combo_180,26841358,2169.4467541250638,1324.998076606542,2.872340425531915,26841336,2130.120112635312,1638.0973390536385,0.0,1.4361702127659575
Combo_198,26841333,2582.2896374859847,2018.526972612366,2.8191489361702127,26841336,2130.120112635312,1638.0973390536385,0.0,1.4095744680851063
Combo_196,26841333,2582.2896374859847,2018.526972612366,2.8191489361702127,16933971,935.1924915671116,1922.187656639144,0.0,1.4095744680851063
Combo_197,26841333,2582.2896374859847,2018.526972612366,2.8191489361702127,cluster_12247700_12529558,489.9967898771865,1517.3900169646367,0.0,1.4095744680851063
Combo_195,26841333,2582.2896374859847,2018.526972612366,2.8191489361702127,19769114,192.70471265434756,703.2901573758572,0.0,1.4095744680851063
Combo_233,cluster_314448309_824235741,844.8437027597101,1218.2629532963035,1.6382978723404256,19755421,1418.29960822477,1995.0837304303425,1.1702127659574468,1.4042553191489362
Combo_220,19755457,742.8685853922507,1547.9398867161945,1.8617021276595744,26841354,1879.9209603789493,1613.339192780666,0.8936170212765958,1.3670212765957446
Combo_234,cluster_314448309_824235741,844.8437027597101,1218.2629532963035,1.6382978723404256,252726522,2158.717895301874,662.6837204853073,1.0851063829787235,1.3617021276595744
Combo_247,314448358,749.7437549999449,1024.7167288772762,1.5425531914893618,19755421,1418.29960822477,1995.0837304303425,1.1702127659574468,1.3563829787234043
Combo_211,17574061,1613.6646088467678,1704.3019306017086,2.606382978723404,89119479,1977.410551787936,1232.4977780682966,0.0638297872340425,1.3404255319148937
Combo_210,17574061,1613.6646088467678,1704.3019306017086,2.606382978723404,12247702,570.1719344240846,1877.2897394159809,0.0744680851063829,1.3404255319148937
Combo_221,19755457,742.8685853922507,1547.9398867161945,1.8617021276595744,21970003,1392.5806327123428,1092.7498201234266,0.7872340425531915,1.324468085106383
Combo_248,314448358,749.7437549999449,1024.7167288772762,1.5425531914893618,252726522,2158.717895301874,662.6837204853073,1.0851063829787235,1.3138297872340425
Combo_215,17574061,1613.6646088467678,1704.3019306017086,2.606382978723404,26841336,2130.120112635312,1638.0973390536385,0.0,1.303191489361702
Combo_214,17574061,1613.6646088467678,1704.3019306017086,2.606382978723404,cluster_12247700_12529558,489.9967898771865,1517.3900169646367,0.0,1.303191489361702
Combo_212,17574061,1613.6646088467678,1704.3019306017086,2.606382978723404,19769114,192.70471265434756,703.2901573758572,0.0,1.303191489361702
Combo_213,17574061,1613.6646088467678,1704.3019306017086,2.606382978723404,16933971,935.1924915671116,1922.187656639144,0.0,1.303191489361702
Combo_222,19755457,742.8685853922507,1547.9398867161945,1.8617021276595744,cluster_347349857_347349858,292.67258916574065,1397.3318315809593,0.6914893617021276,1.276595744680851
Combo_223,19755457,742.8685853922507,1547.9398867161945,1.8617021276595744,14319161,219.0621956209652,933.7101204860955,0.6914893617021276,1.276595744680851
Combo_235,cluster_314448309_824235741,844.8437027597101,1218.2629532963035,1.6382978723404256,26841354,1879.9209603789493,1613.339192780666,0.8936170212765958,1.2659574468085106
Combo_249,314448358,749.7437549999449,1024.7167288772762,1.5425531914893618,26841354,1879.9209603789493,1613.339192780666,0.8936170212765958,1.2180851063829787
Combo_236,cluster_314448309_824235741,844.8437027597101,1218.2629532963035,1.6382978723404256,21970003,1392.5806327123428,1092.7498201234266,0.7872340425531915,1.2074468085106382
Combo_250,314448358,749.7437549999449,1024.7167288772762,1.5425531914893618,21970003,1392.5806327123428,1092.7498201234266,0.7872340425531915,1.1702127659574468
Combo_237,cluster_314448309_824235741,844.8437027597101,1218.2629532963035,1.6382978723404256,cluster_347349857_347349858,292.67258916574065,1397.3318315809593,0.6914893617021276,1.1648936170212767
Combo_238,cluster_314448309_824235741,844.8437027597101,1218.2629532963035,1.6382978723404256,14319161,219.0621956209652,933.7101204860955,0.6914893617021276,1.1648936170212767
Combo_261,19755421,1418.29960822477,1995.0837304303425,1.1702127659574468,252726522,2158.717895301874,662.6837204853073,1.0851063829787235,1.127659574468085
Combo_224,19755457,742.8685853922507,1547.9398867161945,1.8617021276595744,12452103,2465.67790639808,599.2091947440058,0.3723404255319149,1.127659574468085
Combo_251,314448358,749.7437549999449,1024.7167288772762,1.5425531914893618,cluster_347349857_347349858,292.67258916574065,1397.3318315809593,0.6914893617021276,1.1170212765957448
Combo_252,314448358,749.7437549999449,1024.7167288772762,1.5425531914893618,14319161,219.0621956209652,933.7101204860955,0.6914893617021276,1.1170212765957448
Combo_225,19755457,742.8685853922507,1547.9398867161945,1.8617021276595744,354910587,463.9579251469113,585.6913986252621,0.3085106382978723,1.0904255319148937
Combo_262,19755421,1418.29960822477,1995.0837304303425,1.1702127659574468,26841354,1879.9209603789493,1613.339192780666,0.8936170212765958,1.0319148936170213
Combo_239,cluster_314448309_824235741,844.8437027597101,1218.2629532963035,1.6382978723404256,12452103,2465.67790639808,599.2091947440058,0.3723404255319149,1.0053191489361701
Combo_274,252726522,2158.717895301874,662.6837204853073,1.0851063829787235,26841354,1879.9209603789493,1613.339192780666,0.8936170212765958,0.9893617021276595
Combo_263,19755421,1418.29960822477,1995.0837304303425,1.1702127659574468,21970003,1392.5806327123428,1092.7498201234266,0.7872340425531915,0.9840425531914894
Combo_240,cluster_314448309_824235741,844.8437027597101,1218.2629532963035,1.6382978723404256,354910587,463.9579251469113,585.6913986252621,0.3085106382978723,0.9734042553191489
Combo_226,19755457,742.8685853922507,1547.9398867161945,1.8617021276595744,12247702,570.1719344240846,1877.2897394159809,0.0744680851063829,0.9680851063829787
Combo_227,19755457,742.8685853922507,1547.9398867161945,1.8617021276595744,89119479,1977.410551787936,1232.4977780682966,0.0638297872340425,0.9680851063829787
Combo_253,314448358,749.7437549999449,1024.7167288772762,1.5425531914893618,12452103,2465.67790639808,599.2091947440058,0.3723404255319149,0.9574468085106382
Combo_275,252726522,2158.717895301874,662.6837204853073,1.0851063829787235,21970003,1392.5806327123428,1092.7498201234266,0.7872340425531915,0.9468085106382979
Combo_229,19755457,742.8685853922507,1547.9398867161945,1.8617021276595744,16933971,935.1924915671116,1922.187656639144,0.0,0.9308510638297872
Combo_228,19755457,742.8685853922507,1547.9398867161945,1.8617021276595744,19769114,192.70471265434756,703.2901573758572,0.0,0.9308510638297872
Combo_264,19755421,1418.29960822477,1995.0837304303425,1.1702127659574468,cluster_347349857_347349858,292.67258916574065,1397.3318315809593,0.6914893617021276,0.9308510638297872
Combo_265,19755421,1418.29960822477,1995.0837304303425,1.1702127659574468,14319161,219.0621956209652,933.7101204860955,0.6914893617021276,0.9308510638297872
Combo_231,19755457,742.8685853922507,1547.9398867161945,1.8617021276595744,26841336,2130.120112635312,1638.0973390536385,0.0,0.9308510638297872
Combo_230,19755457,742.8685853922507,1547.9398867161945,1.8617021276595744,cluster_12247700_12529558,489.9967898771865,1517.3900169646367,0.0,0.9308510638297872
Combo_254,314448358,749.7437549999449,1024.7167288772762,1.5425531914893618,354910587,463.9579251469113,585.6913986252621,0.3085106382978723,0.9255319148936171
Combo_276,252726522,2158.717895301874,662.6837204853073,1.0851063829787235,cluster_347349857_347349858,292.67258916574065,1397.3318315809593,0.6914893617021276,0.8882978723404255
Combo_277,252726522,2158.717895301874,662.6837204853073,1.0851063829787235,14319161,219.0621956209652,933.7101204860955,0.6914893617021276,0.8882978723404255
Combo_241,cluster_314448309_824235741,844.8437027597101,1218.2629532963035,1.6382978723404256,12247702,570.1719344240846,1877.2897394159809,0.0744680851063829,0.8563829787234042
Combo_242,cluster_314448309_824235741,844.8437027597101,1218.2629532963035,1.6382978723404256,89119479,1977.410551787936,1232.4977780682966,0.0638297872340425,0.851063829787234
Combo_286,26841354,1879.9209603789493,1613.339192780666,0.8936170212765958,21970003,1392.5806327123428,1092.7498201234266,0.7872340425531915,0.8297872340425531
Combo_243,cluster_314448309_824235741,844.8437027597101,1218.2629532963035,1.6382978723404256,19769114,192.70471265434756,703.2901573758572,0.0,0.8191489361702128
Combo_245,cluster_314448309_824235741,844.8437027597101,1218.2629532963035,1.6382978723404256,cluster_12247700_12529558,489.9967898771865,1517.3900169646367,0.0,0.8191489361702128
Combo_244,cluster_314448309_824235741,844.8437027597101,1218.2629532963035,1.6382978723404256,16933971,935.1924915671116,1922.187656639144,0.0,0.8191489361702128
Combo_246,cluster_314448309_824235741,844.8437027597101,1218.2629532963035,1.6382978723404256,26841336,2130.120112635312,1638.0973390536385,0.0,0.8191489361702128
Combo_255,314448358,749.7437549999449,1024.7167288772762,1.5425531914893618,12247702,570.1719344240846,1877.2897394159809,0.0744680851063829,0.8085106382978723
Combo_256,314448358,749.7437549999449,1024.7167288772762,1.5425531914893618,89119479,1977.410551787936,1232.4977780682966,0.0638297872340425,0.8031914893617021
Combo_287,26841354,1879.9209603789493,1613.339192780666,0.8936170212765958,cluster_347349857_347349858,292.67258916574065,1397.3318315809593,0.6914893617021276,0.7925531914893617
Combo_288,26841354,1879.9209603789493,1613.339192780666,0.8936170212765958,14319161,219.0621956209652,933.7101204860955,0.6914893617021276,0.7925531914893617
Combo_260,314448358,749.7437549999449,1024.7167288772762,1.5425531914893618,26841336,2130.120112635312,1638.0973390536385,0.0,0.7712765957446809
Combo_259,314448358,749.7437549999449,1024.7167288772762,1.5425531914893618,cluster_12247700_12529558,489.9967898771865,1517.3900169646367,0.0,0.7712765957446809
Combo_258,314448358,749.7437549999449,1024.7167288772762,1.5425531914893618,16933971,935.1924915671116,1922.187656639144,0.0,0.7712765957446809
Combo_257,314448358,749.7437549999449,1024.7167288772762,1.5425531914893618,19769114,192.70471265434756,703.2901573758572,0.0,0.7712765957446809
Combo_266,19755421,1418.29960822477,1995.0837304303425,1.1702127659574468,12452103,2465.67790639808,599.2091947440058,0.3723404255319149,0.7712765957446809
Combo_298,21970003,1392.5806327123428,1092.7498201234266,0.7872340425531915,14319161,219.0621956209652,933.7101204860955,0.6914893617021276,0.7393617021276596
Combo_297,21970003,1392.5806327123428,1092.7498201234266,0.7872340425531915,cluster_347349857_347349858,292.67258916574065,1397.3318315809593,0.6914893617021276,0.7393617021276596
Combo_267,19755421,1418.29960822477,1995.0837304303425,1.1702127659574468,354910587,463.9579251469113,585.6913986252621,0.3085106382978723,0.7393617021276596
Combo_278,252726522,2158.717895301874,662.6837204853073,1.0851063829787235,12452103,2465.67790639808,599.2091947440058,0.3723404255319149,0.7287234042553191
Combo_279,252726522,2158.717895301874,662.6837204853073,1.0851063829787235,354910587,463.9579251469113,585.6913986252621,0.3085106382978723,0.6968085106382979
Combo_307,cluster_347349857_347349858,292.67258916574065,1397.3318315809593,0.6914893617021276,14319161,219.0621956209652,933.7101204860955,0.6914893617021276,0.6914893617021276
Combo_289,26841354,1879.9209603789493,1613.339192780666,0.8936170212765958,12452103,2465.67790639808,599.2091947440058,0.3723404255319149,0.6329787234042553
Combo_268,19755421,1418.29960822477,1995.0837304303425,1.1702127659574468,12247702,570.1719344240846,1877.2897394159809,0.0744680851063829,0.6223404255319148
Combo_269,19755421,1418.29960822477,1995.0837304303425,1.1702127659574468,89119479,1977.410551787936,1232.4977780682966,0.0638297872340425,0.6170212765957447
Combo_290,26841354,1879.9209603789493,1613.339192780666,0.8936170212765958,354910587,463.9579251469113,585.6913986252621,0.3085106382978723,0.601063829787234
Combo_299,21970003,1392.5806327123428,1092.7498201234266,0.7872340425531915,12452103,2465.67790639808,599.2091947440058,0.3723404255319149,0.5904255319148937
Combo_270,19755421,1418.29960822477,1995.0837304303425,1.1702127659574468,19769114,192.70471265434756,703.2901573758572,0.0,0.5851063829787234
Combo_271,19755421,1418.29960822477,1995.0837304303425,1.1702127659574468,16933971,935.1924915671116,1922.187656639144,0.0,0.5851063829787234
Combo_273,19755421,1418.29960822477,1995.0837304303425,1.1702127659574468,26841336,2130.120112635312,1638.0973390536385,0.0,0.5851063829787234
Combo_272,19755421,1418.29960822477,1995.0837304303425,1.1702127659574468,cluster_12247700_12529558,489.9967898771865,1517.3900169646367,0.0,0.5851063829787234
Combo_280,252726522,2158.717895301874,662.6837204853073,1.0851063829787235,12247702,570.1719344240846,1877.2897394159809,0.0744680851063829,0.5797872340425533
Combo_281,252726522,2158.717895301874,662.6837204853073,1.0851063829787235,89119479,1977.410551787936,1232.4977780682966,0.0638297872340425,0.574468085106383
Combo_300,21970003,1392.5806327123428,1092.7498201234266,0.7872340425531915,354910587,463.9579251469113,585.6913986252621,0.3085106382978723,0.5531914893617021
Combo_284,252726522,2158.717895301874,662.6837204853073,1.0851063829787235,cluster_12247700_12529558,489.9967898771865,1517.3900169646367,0.0,0.5425531914893618
Combo_285,252726522,2158.717895301874,662.6837204853073,1.0851063829787235,26841336,2130.120112635312,1638.0973390536385,0.0,0.5425531914893618
Combo_282,252726522,2158.717895301874,662.6837204853073,1.0851063829787235,19769114,192.70471265434756,703.2901573758572,0.0,0.5425531914893618
Combo_283,252726522,2158.717895301874,662.6837204853073,1.0851063829787235,16933971,935.1924915671116,1922.187656639144,0.0,0.5425531914893618
Combo_308,cluster_347349857_347349858,292.67258916574065,1397.3318315809593,0.6914893617021276,12452103,2465.67790639808,599.2091947440058,0.3723404255319149,0.5319148936170213
Combo_316,14319161,219.0621956209652,933.7101204860955,0.6914893617021276,12452103,2465.67790639808,599.2091947440058,0.3723404255319149,0.5319148936170213
Combo_309,cluster_347349857_347349858,292.67258916574065,1397.3318315809593,0.6914893617021276,354910587,463.9579251469113,585.6913986252621,0.3085106382978723,0.5
Combo_317,14319161,219.0621956209652,933.7101204860955,0.6914893617021276,354910587,463.9579251469113,585.6913986252621,0.3085106382978723,0.5
Combo_291,26841354,1879.9209603789493,1613.339192780666,0.8936170212765958,12247702,570.1719344240846,1877.2897394159809,0.0744680851063829,0.48404255319148937
Combo_292,26841354,1879.9209603789493,1613.339192780666,0.8936170212765958,89119479,1977.410551787936,1232.4977780682966,0.0638297872340425,0.4787234042553191
Combo_293,26841354,1879.9209603789493,1613.339192780666,0.8936170212765958,19769114,192.70471265434756,703.2901573758572,0.0,0.4468085106382979
Combo_295,26841354,1879.9209603789493,1613.339192780666,0.8936170212765958,cluster_12247700_12529558,489.9967898771865,1517.3900169646367,0.0,0.4468085106382979
Combo_294,26841354,1879.9209603789493,1613.339192780666,0.8936170212765958,16933971,935.1924915671116,1922.187656639144,0.0,0.4468085106382979
Combo_296,26841354,1879.9209603789493,1613.339192780666,0.8936170212765958,26841336,2130.120112635312,1638.0973390536385,0.0,0.4468085106382979
Combo_301,21970003,1392.5806327123428,1092.7498201234266,0.7872340425531915,12247702,570.1719344240846,1877.2897394159809,0.0744680851063829,0.4308510638297873
Combo_302,21970003,1392.5806327123428,1092.7498201234266,0.7872340425531915,89119479,1977.410551787936,1232.4977780682966,0.0638297872340425,0.4308510638297873
Combo_303,21970003,1392.5806327123428,1092.7498201234266,0.7872340425531915,19769114,192.70471265434756,703.2901573758572,0.0,0.39361702127659576
Combo_305,21970003,1392.5806327123428,1092.7498201234266,0.7872340425531915,cluster_12247700_12529558,489.9967898771865,1517.3900169646367,0.0,0.39361702127659576
Combo_306,21970003,1392.5806327123428,1092.7498201234266,0.7872340425531915,26841336,2130.120112635312,1638.0973390536385,0.0,0.39361702127659576
Combo_304,21970003,1392.5806327123428,1092.7498201234266,0.7872340425531915,16933971,935.1924915671116,1922.187656639144,0.0,0.39361702127659576
Combo_318,14319161,219.0621956209652,933.7101204860955,0.6914893617021276,12247702,570.1719344240846,1877.2897394159809,0.0744680851063829,0.3829787234042553
Combo_310,cluster_347349857_347349858,292.67258916574065,1397.3318315809593,0.6914893617021276,12247702,570.1719344240846,1877.2897394159809,0.0744680851063829,0.3829787234042553
Combo_311,cluster_347349857_347349858,292.67258916574065,1397.3318315809593,0.6914893617021276,89119479,1977.410551787936,1232.4977780682966,0.0638297872340425,0.3776595744680851
Combo_319,14319161,219.0621956209652,933.7101204860955,0.6914893617021276,89119479,1977.410551787936,1232.4977780682966,0.0638297872340425,0.3776595744680851
Combo_315,cluster_347349857_347349858,292.67258916574065,1397.3318315809593,0.6914893617021276,26841336,2130.120112635312,1638.0973390536385,0.0,0.3457446808510638
Combo_321,14319161,219.0621956209652,933.7101204860955,0.6914893617021276,16933971,935.1924915671116,1922.187656639144,0.0,0.3457446808510638
Combo_322,14319161,219.0621956209652,933.7101204860955,0.6914893617021276,cluster_12247700_12529558,489.9967898771865,1517.3900169646367,0.0,0.3457446808510638
Combo_323,14319161,219.0621956209652,933.7101204860955,0.6914893617021276,26841336,2130.120112635312,1638.0973390536385,0.0,0.3457446808510638
Combo_320,14319161,219.0621956209652,933.7101204860955,0.6914893617021276,19769114,192.70471265434756,703.2901573758572,0.0,0.3457446808510638
Combo_314,cluster_347349857_347349858,292.67258916574065,1397.3318315809593,0.6914893617021276,cluster_12247700_12529558,489.9967898771865,1517.3900169646367,0.0,0.3457446808510638
Combo_313,cluster_347349857_347349858,292.67258916574065,1397.3318315809593,0.6914893617021276,16933971,935.1924915671116,1922.187656639144,0.0,0.3457446808510638
Combo_312,cluster_347349857_347349858,292.67258916574065,1397.3318315809593,0.6914893617021276,19769114,192.70471265434756,703.2901573758572,0.0,0.3457446808510638
Combo_324,12452103,2465.67790639808,599.2091947440058,0.3723404255319149,354910587,463.9579251469113,585.6913986252621,0.3085106382978723,0.3404255319148936
Combo_325,12452103,2465.67790639808,599.2091947440058,0.3723404255319149,12247702,570.1719344240846,1877.2897394159809,0.0744680851063829,0.22340425531914895
Combo_326,12452103,2465.67790639808,599.2091947440058,0.3723404255319149,89119479,1977.410551787936,1232.4977780682966,0.0638297872340425,0.2180851063829787
Combo_331,354910587,463.9579251469113,585.6913986252621,0.3085106382978723,12247702,570.1719344240846,1877.2897394159809,0.0744680851063829,0.19148936170212766
Combo_327,12452103,2465.67790639808,599.2091947440058,0.3723404255319149,19769114,192.70471265434756,703.2901573758572,0.0,0.18617021276595747
Combo_328,12452103,2465.67790639808,599.2091947440058,0.3723404255319149,16933971,935.1924915671116,1922.187656639144,0.0,0.18617021276595747
Combo_329,12452103,2465.67790639808,599.2091947440058,0.3723404255319149,cluster_12247700_12529558,489.9967898771865,1517.3900169646367,0.0,0.18617021276595747
Combo_330,12452103,2465.67790639808,599.2091947440058,0.3723404255319149,26841336,2130.120112635312,1638.0973390536385,0.0,0.18617021276595747
Combo_332,354910587,463.9579251469113,585.6913986252621,0.3085106382978723,89119479,1977.410551787936,1232.4977780682966,0.0638297872340425,0.18617021276595747
Combo_333,354910587,463.9579251469113,585.6913986252621,0.3085106382978723,19769114,192.70471265434756,703.2901573758572,0.0,0.15425531914893617
Combo_336,354910587,463.9579251469113,585.6913986252621,0.3085106382978723,26841336,2130.120112635312,1638.0973390536385,0.0,0.15425531914893617
Combo_335,354910587,463.9579251469113,585.6913986252621,0.3085106382978723,cluster_12247700_12529558,489.9967898771865,1517.3900169646367,0.0,0.15425531914893617
Combo_334,354910587,463.9579251469113,585.6913986252621,0.3085106382978723,16933971,935.1924915671116,1922.187656639144,0.0,0.15425531914893617
Combo_337,12247702,570.1719344240846,1877.2897394159809,0.0744680851063829,89119479,1977.410551787936,1232.4977780682966,0.0638297872340425,0.06914893617021277
Combo_338,12247702,570.1719344240846,1877.2897394159809,0.0744680851063829,19769114,192.70471265434756,703.2901573758572,0.0,0.03723404255319149
Combo_339,12247702,570.1719344240846,1877.2897394159809,0.0744680851063829,16933971,935.1924915671116,1922.187656639144,0.0,0.03723404255319149
Combo_340,12247702,570.1719344240846,1877.2897394159809,0.0744680851063829,cluster_12247700_12529558,489.9967898771865,1517.3900169646367,0.0,0.03723404255319149
Combo_341,12247702,570.1719344240846,1877.2897394159809,0.0744680851063829,26841336,2130.120112635312,1638.0973390536385,0.0,0.03723404255319149
Combo_342,89119479,1977.410551787936,1232.4977780682966,0.0638297872340425,19769114,192.70471265434756,703.2901573758572,0.0,0.031914893617021274
Combo_343,89119479,1977.410551787936,1232.4977780682966,0.0638297872340425,16933971,935.1924915671116,1922.187656639144,0.0,0.031914893617021274
Combo_344,89119479,1977.410551787936,1232.4977780682966,0.0638297872340425,cluster_12247700_12529558,489.9967898771865,1517.3900169646367,0.0,0.031914893617021274
Combo_345,89119479,1977.410551787936,1232.4977780682966,0.0638297872340425,26841336,2130.120112635312,1638.0973390536385,0.0,0.031914893617021274
Combo_346,19769114,192.70471265434756,703.2901573758572,0.0,16933971,935.1924915671116,1922.187656639144,0.0,0.0
Combo_347,19769114,192.70471265434756,703.2901573758572,0.0,cluster_12247700_12529558,489.9967898771865,1517.3900169646367,0.0,0.0
Combo_348,19769114,192.70471265434756,703.2901573758572,0.0,26841336,2130.120112635312,1638.0973390536385,0.0,0.0
Combo_349,16933971,935.1924915671116,1922.187656639144,0.0,cluster_12247700_12529558,489.9967898771865,1517.3900169646367,0.0,0.0
Combo_350,16933971,935.1924915671116,1922.187656639144,0.0,26841336,2130.120112635312,1638.0973390536385,0.0,0.0
Combo_351,cluster_12247700_12529558,489.9967898771865,1517.3900169646367,0.0,26841336,2130.120112635312,1638.0973390536385,0.0,0.0
