Algo,Sync,Bitrate,Rank_Iso,N,Iso_Rx,Iso_PDR,Iso_Service,Iso_RSSI
algo1,True,6Mbps,1,1,29629.0,31.52,32.8246,-77.745
algo1,True,6Mbps,2,1,13107.0,13.94,14.2034,-74.359
algo1,True,6Mbps,3,1,1604.0,1.71,1.7382,-70.27
algo1,True,6Mbps,4,1,12736.0,13.55,13.8014,-77.962
algo1,True,6Mbps,5,1,5124.0,5.45,5.5526,-72.721
algo1,True,6Mbps,6,1,21627.0,23.01,23.9725,-77.559
algo1,True,6Mbps,7,1,5079.0,5.4,5.5039,-71.694
algo1,True,6Mbps,8,1,2007.0,2.14,2.1749,-74.604
algo1,True,6Mbps,9,1,3805.0,4.05,4.1233,-79.108
algo1,True,6Mbps,10,1,935.0,0.99,1.0132,-87.989
algo1,True,6Mbps,11,1,19.0,0.02,0.0206,-88.86
algo1,True,6Mbps,12,1,3310.0,3.52,3.5869,-82.074
algo1,True,6Mbps,13,1,759.0,0.81,0.8225,-67.528
algo1,True,6Mbps,14,1,9906.0,10.54,10.7347,-82.657
algo1,True,6Mbps,15,1,1159.0,1.23,1.256,-71.965
algo1,True,6Mbps,16,1,10131.0,10.78,10.9785,-81.098
algo1,True,6Mbps,17,1,818.0,0.87,0.8864,-81.201
algo1,True,6Mbps,18,1,2293.0,2.44,2.4848,-68.23
algo1,True,6Mbps,19,1,2627.0,2.79,2.8468,-78.669
algo1,True,6Mbps,20,1,25888.0,27.54,28.115,-77.839
algo1,True,6Mbps,21,1,7511.0,7.99,8.1393,-84.778
algo1,True,6Mbps,22,1,2754.0,2.93,2.9844,-82.038
algo1,True,6Mbps,23,1,2911.0,3.1,3.1545,-78.988
algo1,True,6Mbps,24,1,103.0,0.11,0.1116,-87.726
algo1,True,6Mbps,25,1,1143.0,1.22,1.2386,-80.823
algo1,True,6Mbps,26,1,0.0,0.0,0.0,
algo1,True,6Mbps,27,1,1596.0,1.7,1.7295,-81.588
algo7,False,6Mbps,1,1,19385.0,20.61,21.4715,-76.327
algo7,False,6Mbps,2,1,18898.0,20.09,20.4789,-75.424
algo7,False,6Mbps,3,1,13109.0,13.94,14.2056,-74.356
algo7,False,6Mbps,4,1,5365.0,5.7,5.8138,-71.741
algo7,False,6Mbps,5,1,25884.0,27.52,28.1106,-77.838
algo7,True,6Mbps,1,1,19382.0,20.62,21.4679,-76.325
algo7,True,6Mbps,2,1,18898.0,20.1,20.4789,-75.424
algo7,True,6Mbps,3,1,13109.0,13.95,14.2056,-74.356
algo7,True,6Mbps,4,1,5365.0,5.71,5.8138,-71.741
algo7,True,6Mbps,5,1,25887.0,27.54,28.1139,-77.838
