Phase,Algo,Sync,Bitrate,K,Rank,Iso_Rx,Multi_Rx_mean,Rel_Change_pct
control,algo7,False,6Mbps,1,1,19385.0,19474.7,0.46
control,algo7,False,6Mbps,3,1,19385.0,18564.3,-4.23
control,algo7,False,6Mbps,3,2,18898.0,13978.0,-26.03
control,algo7,False,6Mbps,3,3,13109.0,14366.3,9.59
control,algo7,False,6Mbps,5,1,19385.0,9904.7,-48.91
control,algo7,False,6Mbps,5,2,18898.0,14372.7,-23.95
control,algo7,False,6Mbps,5,3,13109.0,9421.3,-28.13
control,algo7,False,6Mbps,5,4,5365.0,5167.7,-3.68
control,algo7,False,6Mbps,5,5,25884.0,10560.7,-59.2
sweep,algo1,True,6Mbps,1,1,29629.0,29493.6,-0.46
sweep,algo1,True,6Mbps,2,1,29629.0,29450.0,-0.6
sweep,algo1,True,6Mbps,2,2,13107.0,13644.2,4.1
sweep,algo1,True,6Mbps,3,1,29629.0,29396.0,-0.79
sweep,algo1,True,6Mbps,3,2,13107.0,13753.4,4.93
sweep,algo1,True,6Mbps,3,3,1604.0,1816.6,13.25
sweep,algo1,True,6Mbps,4,1,29629.0,29489.0,-0.47
sweep,algo1,True,6Mbps,4,2,13107.0,13528.8,3.22
sweep,algo1,True,6Mbps,4,3,1604.0,1806.6,12.63
sweep,algo1,True,6Mbps,4,4,12736.0,12431.2,-2.39
sweep,algo1,True,6Mbps,5,1,29629.0,29339.8,-0.98
sweep,algo1,True,6Mbps,5,2,13107.0,13608.0,3.82
sweep,algo1,True,6Mbps,5,3,1604.0,1772.0,10.47
sweep,algo1,True,6Mbps,5,4,12736.0,12584.8,-1.19
sweep,algo1,True,6Mbps,5,5,5124.0,4501.4,-12.15
sweep,algo1,True,6Mbps,8,1,29629.0,25283.8,-14.67
sweep,algo1,True,6Mbps,8,2,13107.0,14008.0,6.87
sweep,algo1,True,6Mbps,8,3,1604.0,1822.4,13.62
sweep,algo1,True,6Mbps,8,4,12736.0,13546.4,6.36
sweep,algo1,True,6Mbps,8,5,5124.0,4259.4,-16.87
sweep,algo1,True,6Mbps,8,6,21627.0,19097.4,-11.7
sweep,algo1,True,6Mbps,8,7,5079.0,4817.0,-5.16
sweep,algo1,True,6Mbps,8,8,2007.0,1764.6,-12.08
sweep,algo1,True,6Mbps,10,1,29629.0,25422.2,-14.2
sweep,algo1,True,6Mbps,10,2,13107.0,14147.2,7.94
sweep,algo1,True,6Mbps,10,3,1604.0,1827.2,13.92
sweep,algo1,True,6Mbps,10,4,12736.0,13553.4,6.42
sweep,algo1,True,6Mbps,10,5,5124.0,4261.0,-16.84
sweep,algo1,True,6Mbps,10,6,21627.0,19114.2,-11.62
sweep,algo1,True,6Mbps,10,7,5079.0,4691.6,-7.63
sweep,algo1,True,6Mbps,10,8,2007.0,1824.2,-9.11
sweep,algo1,True,6Mbps,10,9,3805.0,4185.4,10.0
sweep,algo1,True,6Mbps,10,10,935.0,1390.4,48.71
sweep,algo7,True,6Mbps,1,1,19382.0,19386.6,0.02
sweep,algo7,True,6Mbps,2,1,19382.0,19389.8,0.04
sweep,algo7,True,6Mbps,2,2,18898.0,16770.4,-11.26
sweep,algo7,True,6Mbps,3,1,19382.0,19493.4,0.57
sweep,algo7,True,6Mbps,3,2,18898.0,16819.0,-11.0
sweep,algo7,True,6Mbps,3,3,13109.0,14319.2,9.23
sweep,algo7,True,6Mbps,4,1,19382.0,19441.4,0.31
sweep,algo7,True,6Mbps,4,2,18898.0,16794.2,-11.13
sweep,algo7,True,6Mbps,4,3,13109.0,14438.4,10.14
sweep,algo7,True,6Mbps,4,4,5365.0,5351.0,-0.26
sweep,algo7,True,6Mbps,5,1,19382.0,19623.4,1.25
sweep,algo7,True,6Mbps,5,2,18898.0,17718.8,-6.24
sweep,algo7,True,6Mbps,5,3,13109.0,14262.2,8.8
sweep,algo7,True,6Mbps,5,4,5365.0,5689.2,6.04
sweep,algo7,True,6Mbps,5,5,25887.0,25679.4,-0.8
