Phase,Algo,Sync,Bitrate,K,N,PDR_mean,PDR_std,Total_Received_mean,Total_Received_std,Service_Ratio_mean,Service_Ratio_std,Jain_RSU_mean,Jain_RSU_std,Jain_Vehicle_mean,Jain_Vehicle_std,PER_mean,PER_std,Collisions_mean,Collisions_std,RXTX_Lost_mean,RXTX_Lost_std,RSSI_Mean_dBm_mean,RSSI_Mean_dBm_std,SNR_Mean_dB_mean,SNR_Mean_dB_std,Channel_Busy_mean,Channel_Busy_std,Elapsed_Sec_mean,Elapsed_Sec_std,Iso_Rx_Sum,Eta,Max_RSU_Loss_pct,Max_RSU_Gain_pct
control,algo7,False,6Mbps,1,3,20.706666666666667,0.16743157806499123,19474.666666666668,157.0424571042284,21.570566666666668,0.17384502677193048,1.0,0.0,0.6766666666666666,0.0017616280348964914,0.0,0.0,0.0,0.0,0.0,0.0,-76.36566666666666,0.06697263122599639,21.627,0.06668583057891628,0.0234,0.00017320508075688716,33.01,7.328321772411471,19385.0,-0.004625569598486923,0.0,0.46
control,algo7,False,6Mbps,3,3,16.626666666666665,0.06350852961085825,46908.666666666664,180.47806884309554,51.95706666666666,0.19961298387963985,0.9824,0.00441701256507159,0.8942333333333333,0.001501110699893086,7.3676666666666675,0.5658321865476846,913.6666666666666,297.62784367954106,1.0,0.0,-75.03933333333333,0.03521836642055791,22.308666666666667,0.12182501111567079,0.060033333333333334,0.00011547005383792646,41.156666666666666,12.788625154149033,51392.0,0.08723796180987964,26.03,9.59
control,algo7,False,6Mbps,5,3,10.513333333333334,0.07094598884597587,49427.0,327.01529016240204,54.5925,0.3610228940108913,0.9187666666666666,0.0028431203515387,0.8913000000000001,0.0013453624047073509,40.26383333333333,0.33354785763565586,14273.666666666666,249.6604360593268,1.0,0.0,-72.29033333333332,0.048397658345554796,24.078,0.07794870107961899,0.09683333333333333,0.0004163331998932246,42.1,3.8373558604851836,82641.0,0.40190704371921926,59.2,0.0
sweep,algo1,True,6Mbps,1,5,31.375999999999998,0.13145341380123826,29493.6,123.62160005435926,32.674879999999995,0.13669490480628477,1.0,0.0,0.7799400000000001,0.0025195237645237274,0.0067599999999999995,0.015115819527898578,1.0,2.23606797749979,0.2,0.4472135954999579,-77.7022,0.03908580304919178,20.2908,0.039085803049188746,0.03504,0.000167332005306814,24.318,1.436373906752695,29629.0,0.004569847109251124,0.46,0.0
sweep,algo1,True,6Mbps,2,5,22.924,0.08049844718999213,43094.2,149.95399294450354,44.55022,0.16721827651306473,0.8813600000000001,0.005512531179050135,0.79536,0.00182290976189168,0.00692,0.011951234245884398,1.6,2.6076809620810595,0.2,0.4472135954999579,-76.6048,0.031979681049068696,21.387999999999998,0.031866910738256544,0.05072,0.0001788854381999829,29.95,1.9181762171396046,42736.0,-0.008381692250093442,0.6,4.1
sweep,algo1,True,6Mbps,3,5,15.945999999999998,0.00547722557505145,44966.0,9.460443964212972,46.53906,0.005663302923207704,0.63788,4.4721359550000695e-05,0.79604,5.4772255750515645e-05,0.0031,0.006931810730249348,0.8,1.7888543819998317,0.0,0.0,-76.325,0.002449489742782908,21.6678,0.002774887385101696,0.0529,7.07106781186533e-05,30.151999999999997,1.6095403070442202,44340.0,-0.01411817771763646,0.79,13.25
sweep,algo1,True,6Mbps,4,5,15.228,0.053103672189407196,57255.6,193.2182703576452,59.66142,0.19989571531175754,0.67702,0.004126984371184362,0.8779999999999999,0.0025109759058979495,0.0,0.0,0.0,0.0,0.0,0.0,-76.71979999999999,0.02852542725358937,21.273000000000003,0.028328430948432064,0.06754,0.00021908902300206174,32.532,1.5506998420068288,57076.0,-0.0031466816174925416,2.39,12.63
sweep,algo1,True,6Mbps,5,5,13.15,0.03937003937005917,61806.0,171.88949938841523,63.02502,0.29461558343034117,0.62218,0.0007463243262818223,0.8932,0.001677796173556259,0.00032,0.0007155417527999327,0.2,0.447213595499958,0.0,0.0,-76.506,0.06429618962270874,21.4864,0.06395545324677115,0.07276,0.00020736441353327815,35.8,2.7992945539903458,62200.0,0.0063344051446945215,12.15,10.47
sweep,algo1,True,6Mbps,8,5,11.251999999999999,0.12517987058628927,84599.0,924.876478239122,69.35788,0.3458100880541214,0.6249,0.006289674077406589,0.8925000000000001,0.0032771939216348044,0.01854,0.014300279717543989,8.0,6.123724356957945,0.2,0.4472135954999579,-76.142,0.03406611219378776,21.8502,0.03421549356651134,0.12114,0.0015339491516996272,61.976,11.44339241658696,90913.0,0.06945101360641492,16.87,13.62
sweep,algo1,True,6Mbps,10,5,9.618,0.07155417527999332,90416.8,710.3180273652073,70.02396,0.26654679326526975,0.55922,0.006193302834514094,0.89846,0.0027591665408234693,0.01222,0.007542347114791258,5.8,3.492849839314596,0.2,0.447213595499958,-76.4178,0.03342454188167308,21.5746,0.0333961075576174,0.12802,0.0012517987058628963,76.09,24.62203180080799,95653.0,0.05474161814057055,16.84,48.71
sweep,algo7,True,6Mbps,1,5,20.625999999999998,0.00547722557505041,19386.6,3.0495901363956346,21.47316,0.0034695821074023094,1.0,0.0,0.6756599999999999,5.4772255750515645e-05,0.0,0.0,0.0,0.0,0.0,0.0,-76.326,0.0012247448713930858,21.666800000000002,0.0010954451150109617,0.0233,0.0,32.392,10.878518741078677,19382.0,-0.0002373336085026434,0.0,0.02
sweep,algo7,True,6Mbps,2,5,19.232,0.004472135954999402,36160.2,2.2803508501983356,36.90976,0.005267637041405562,0.9947800000000001,4.4721359550000695e-05,0.74088,4.472135954998466e-05,0.0,0.0,0.0,0.0,0.2,0.4472135954999579,-75.934,0.0010000000000006302,22.0584,0.0005477225575051464,0.0434,0.0,36.868,5.270969550281997,38280.0,0.055376175548589424,11.26,0.04
sweep,algo7,True,6Mbps,3,5,17.954,0.04037325847637275,50631.6,114.02762823105657,52.94516,0.1232984711989591,0.98444,0.0029125590122777312,0.8871399999999999,0.0009502631214563594,0.0,0.0,0.0,0.0,0.0,0.0,-75.5052,0.0377054372736916,22.4874,0.0373403267259392,0.060020000000000004,0.00010954451150103174,33.072,5.3655633441419734,51389.0,0.014738562727432014,11.0,9.23
sweep,algo7,True,6Mbps,4,5,14.9,0.02236067977499857,56025.0,88.89319434017483,58.27326000000001,0.09942780295269808,0.8745999999999998,0.0017888543819998273,0.8850999999999999,0.0008944271909999374,0.0,0.0,0.0,0.0,0.0,0.0,-75.1318,0.027526351011350675,22.8608,0.027860366113889735,0.06606000000000001,8.944271909999693e-05,31.912,5.6250839993728095,56754.0,0.012844909609895372,11.13,10.14
sweep,algo7,True,6Mbps,5,5,17.65,0.0,82973.0,4.062019202317645,70.35064,0.00643451629883605,0.86366,5.47722557504996e-05,0.89354,5.477225575051565e-05,0.0038399999999999997,0.007319016327348915,1.6,3.0495901363953815,0.0,0.0,-75.92519999999999,0.0004472135954994453,22.0678,0.00044721359550091823,0.09673999999999999,5.4772255750519866e-05,33.436,3.690722151557875,82641.0,-0.0040173763628224,6.24,8.8
