K1,K2,U_stat,p_raw,p_bonferroni,Significant(p_adj<0.05)
1,2,900.0,1.6944597734840406e-12,5.947553804928982e-10,True
1,3,900.0,6.205719657583928e-13,2.1782075998119589e-10,True
1,4,900.0,5.017732462487016e-12,1.7612240943329425e-09,True
1,5,900.0,1.2529788402355518e-12,4.397955729226787e-10,True
1,6,900.0,5.017732462487016e-12,1.7612240943329425e-09,True
1,7,900.0,6.205719657583928e-13,2.1782075998119589e-10,True
1,8,0.0,2.2231265390397414e-12,7.803174152029493e-10,True
1,9,0.0,1.6944597734840406e-12,5.947553804928982e-10,True
1,10,0.0,6.205719657583928e-13,2.1782075998119589e-10,True
1,11,900.0,6.205719657583928e-13,2.1782075998119589e-10,True
1,12,900.0,5.780122620529027e-12,2.0288230398056886e-09,True
1,13,900.0,1.2529788402355518e-12,4.397955729226787e-10,True
1,14,900.0,8.971282297851715e-13,3.148920086545952e-10,True
1,15,900.0,6.052636508086459e-12,2.124475414338347e-09,True
1,16,900.0,1.2529788402355518e-12,4.397955729226787e-10,True
1,17,900.0,8.971282297851715e-13,3.148920086545952e-10,True
1,18,900.0,7.714134467912427e-12,2.707661198237262e-09,True
1,19,900.0,8.080428506222448e-12,2.836230405684079e-09,True
1,20,900.0,6.205719657583928e-13,2.1782075998119589e-10,True
1,21,900.0,8.971282297851715e-13,3.148920086545952e-10,True
1,22,900.0,1.2539996385750976e-12,4.4015387313985926e-10,True
1,23,900.0,8.971282297851715e-13,3.148920086545952e-10,True
1,24,900.0,8.391912240059006e-12,2.9455611962607113e-09,True
1,25,900.0,1.6985082281264674e-12,5.9617638807239e-10,True
1,26,900.0,1.2539996385750976e-12,4.4015387313985926e-10,True
1,27,900.0,8.971282297851715e-13,3.148920086545952e-10,True
2,3,900.0,6.115087734192548e-14,2.1463957947015844e-11,True
2,4,900.0,7.109128870502041e-13,2.4953042335462164e-10,True
2,5,900.0,1.4002943862926634e-13,4.915033295887249e-11,True
2,6,900.0,7.109128870502041e-13,2.4953042335462164e-10,True
2,7,900.0,6.115087734192548e-14,2.1463957947015844e-11,True
2,8,0.0,2.745408416441524e-13,9.636383541709749e-11,True
2,9,0.0,1.9965242854957433e-13,7.00780024209006e-11,True
2,10,0.0,6.115087734192548e-14,2.1463957947015844e-11,True
2,11,0.0,6.115087734192548e-14,2.1463957947015844e-11,True
2,12,0.0,8.382751473863953e-13,2.9423457673262475e-10,True
2,13,0.0,1.4002943862926634e-13,4.915033295887249e-11,True
2,14,0.0,9.448188018230738e-14,3.316313994398989e-11,True
2,15,0.0,8.844687698843459e-13,3.1044853822940543e-10,True
2,16,0.0,1.4002943862926634e-13,4.915033295887249e-11,True
2,17,0.0,9.448188018230738e-14,3.316313994398989e-11,True
2,18,0.0,1.1727949912368722e-12,4.1165104192414215e-10,True
2,19,0.0,1.2377585978055142e-12,4.344532678297355e-10,True
2,20,0.0,6.115087734192548e-14,2.1463957947015844e-11,True
2,21,0.0,9.448188018230738e-14,3.316313994398989e-11,True
2,22,30.0,5.1078008891890695e-12,1.7928381121053633e-09,True
2,23,0.0,9.448188018230738e-14,3.316313994398989e-11,True
2,24,0.0,1.2933634700459946e-12,4.539705779861441e-10,True
2,25,0.0,2.0021257201707133e-13,7.027461277799204e-11,True
2,26,16.5,7.419084156038472e-13,2.604098538769504e-10,True
2,27,508.5,0.04730511880150845,1.0,False
3,4,0.0,2.4258120091108406e-13,8.514600151979051e-11,True
3,5,420.0,0.16074199750363027,1.0,False
3,6,900.0,2.4258120091108406e-13,8.514600151979051e-11,True
3,7,900.0,1.685298194892643e-14,5.915396664073177e-12,True
3,8,0.0,8.644196499901775e-14,3.034112971465523e-11,True
3,9,0.0,6.115087734192548e-14,2.1463957947015844e-11,True
3,10,0.0,1.685298194892643e-14,5.915396664073177e-12,True
3,11,0.0,1.685298194892643e-14,5.915396664073177e-12,True
3,12,0.0,2.8996192213261133e-13,1.0177663466854658e-10,True
3,13,0.0,4.1573690149264756e-14,1.459236524239193e-11,True
3,14,0.0,2.708470674786271e-14,9.50673206849981e-12,True
3,15,0.0,3.0729334467045644e-13,1.0785996397933021e-10,True
3,16,0.0,4.1573690149264756e-14,1.459236524239193e-11,True
3,17,0.0,2.708470674786271e-14,9.50673206849981e-12,True
3,18,0.0,4.169684048358091e-13,1.46355910097369e-10,True
3,19,0.0,4.419940554659689e-13,1.5513991346855508e-10,True
3,20,0.0,1.685298194892643e-14,5.915396664073177e-12,True
3,21,0.0,2.708470674786271e-14,9.50673206849981e-12,True
3,22,0.0,4.1617062266768634e-14,1.460758885563579e-11,True
3,23,0.0,2.708470674786271e-14,9.50673206849981e-12,True
3,24,0.0,4.634961663783587e-13,1.626871543988039e-10,True
3,25,0.0,6.133742664212689e-14,2.1529436751386537e-11,True
3,26,0.0,4.1617062266768634e-14,1.460758885563579e-11,True
3,27,0.0,2.708470674786271e-14,9.50673206849981e-12,True
4,5,900.0,5.147905203096251e-13,1.806914726286784e-10,True
4,6,900.0,2.265036951353939e-12,7.950279699252325e-10,True
4,7,900.0,2.4258120091108406e-13,8.514600151979051e-11,True
4,8,0.0,9.502485788516612e-13,3.3353725117693307e-10,True
4,9,0.0,7.109128870502041e-13,2.4953042335462164e-10,True
4,10,0.0,2.4258120091108406e-13,8.514600151979051e-11,True
4,11,0.0,2.4258120091108406e-13,8.514600151979051e-11,True
4,12,0.0,2.6335266796097553e-12,9.243678645430241e-10,True
4,13,0.0,5.147905203096251e-13,1.806914726286784e-10,True
4,14,0.0,3.6002953777230516e-13,1.2637036775807912e-10,True
4,15,0.0,2.7660077814666563e-12,9.708687312947963e-10,True
4,16,0.0,5.147905203096251e-13,1.806914726286784e-10,True
4,17,0.0,3.6002953777230516e-13,1.2637036775807912e-10,True
4,18,0.0,3.5812943895870697e-12,1.2570343307450614e-09,True
4,19,0.0,3.762598077675531e-12,1.3206719252641113e-09,True
4,20,0.0,2.4258120091108406e-13,8.514600151979051e-11,True
4,21,0.0,3.6002953777230516e-13,1.2637036775807912e-10,True
4,22,30.0,1.591864370496065e-11,5.5874439404411884e-09,True
4,23,0.0,3.6002953777230516e-13,1.2637036775807912e-10,True
4,24,0.0,3.917173644142401e-12,1.3749279490939828e-09,True
4,25,0.0,7.127287159153626e-13,2.501677792862923e-10,True
4,26,0.0,5.152392223968576e-13,1.80848967061297e-10,True
4,27,0.0,3.6002953777230516e-13,1.2637036775807912e-10,True
5,6,900.0,5.147905203096251e-13,1.806914726286784e-10,True
5,7,900.0,4.1573690149264756e-14,1.459236524239193e-11,True
5,8,0.0,1.9413041401187016e-13,6.813977531816643e-11,True
5,9,0.0,1.4002943862926634e-13,4.915033295887249e-11,True
5,10,0.0,4.1573690149264756e-14,1.459236524239193e-11,True
5,11,0.0,4.1573690149264756e-14,1.459236524239193e-11,True
5,12,0.0,6.094683534924643e-13,2.1392339207585496e-10,True
5,13,0.0,9.731274788191405e-14,3.415677450655183e-11,True
5,14,0.0,6.498408048666343e-14,2.2809412250818862e-11,True
5,15,0.0,6.43894010702804e-13,2.260067977566842e-10,True
5,16,0.0,9.731274788191405e-14,3.415677450655183e-11,True
5,17,0.0,6.498408048666343e-14,2.2809412250818862e-11,True
5,18,0.0,8.596435097070929e-13,3.017348719071896e-10,True
5,19,0.0,9.084371320752385e-13,3.1886143335840874e-10,True
5,20,0.0,4.1573690149264756e-14,1.459236524239193e-11,True
5,21,0.0,6.498408048666343e-14,2.2809412250818862e-11,True
5,22,0.0,9.740845425582504e-14,3.419036744379459e-11,True
5,23,0.0,6.498408048666343e-14,2.2809412250818862e-11,True
5,24,0.0,9.502485788516612e-13,3.3353725117693307e-10,True
5,25,0.0,1.4043243743822064e-13,4.929178554081544e-11,True
5,26,0.0,9.740845425582504e-14,3.419036744379459e-11,True
5,27,0.0,6.498408048666343e-14,2.2809412250818862e-11,True
6,7,900.0,2.4258120091108406e-13,8.514600151979051e-11,True
6,8,0.0,9.502485788516612e-13,3.3353725117693307e-10,True
6,9,0.0,7.109128870502041e-13,2.4953042335462164e-10,True
6,10,0.0,2.4258120091108406e-13,8.514600151979051e-11,True
6,11,0.0,2.4258120091108406e-13,8.514600151979051e-11,True
6,12,0.0,2.6335266796097553e-12,9.243678645430241e-10,True
6,13,0.0,5.147905203096251e-13,1.806914726286784e-10,True
6,14,0.0,3.6002953777230516e-13,1.2637036775807912e-10,True
6,15,0.0,2.7660077814666563e-12,9.708687312947963e-10,True
6,16,0.0,5.147905203096251e-13,1.806914726286784e-10,True
6,17,0.0,3.6002953777230516e-13,1.2637036775807912e-10,True
6,18,0.0,3.5812943895870697e-12,1.2570343307450614e-09,True
6,19,0.0,3.762598077675531e-12,1.3206719252641113e-09,True
6,20,0.0,2.4258120091108406e-13,8.514600151979051e-11,True
6,21,0.0,3.6002953777230516e-13,1.2637036775807912e-10,True
6,22,0.0,5.152392223968576e-13,1.80848967061297e-10,True
6,23,0.0,3.6002953777230516e-13,1.2637036775807912e-10,True
6,24,0.0,3.917173644142401e-12,1.3749279490939828e-09,True
6,25,0.0,7.127287159153626e-13,2.501677792862923e-10,True
6,26,0.0,5.152392223968576e-13,1.80848967061297e-10,True
6,27,0.0,3.6002953777230516e-13,1.2637036775807912e-10,True
7,8,0.0,8.644196499901775e-14,3.034112971465523e-11,True
7,9,0.0,6.115087734192548e-14,2.1463957947015844e-11,True
7,10,0.0,1.685298194892643e-14,5.915396664073177e-12,True
7,11,0.0,1.685298194892643e-14,5.915396664073177e-12,True
7,12,0.0,2.8996192213261133e-13,1.0177663466854658e-10,True
7,13,0.0,4.1573690149264756e-14,1.459236524239193e-11,True
7,14,0.0,2.708470674786271e-14,9.50673206849981e-12,True
7,15,0.0,3.0729334467045644e-13,1.0785996397933021e-10,True
7,16,0.0,4.1573690149264756e-14,1.459236524239193e-11,True
7,17,0.0,2.708470674786271e-14,9.50673206849981e-12,True
7,18,0.0,4.169684048358091e-13,1.46355910097369e-10,True
7,19,0.0,4.419940554659689e-13,1.5513991346855508e-10,True
7,20,0.0,1.685298194892643e-14,5.915396664073177e-12,True
7,21,0.0,2.708470674786271e-14,9.50673206849981e-12,True
7,22,0.0,4.1617062266768634e-14,1.460758885563579e-11,True
7,23,0.0,2.708470674786271e-14,9.50673206849981e-12,True
7,24,0.0,4.634961663783587e-13,1.626871543988039e-10,True
7,25,0.0,6.133742664212689e-14,2.1529436751386537e-11,True
7,26,0.0,4.1617062266768634e-14,1.460758885563579e-11,True
7,27,0.0,2.708470674786271e-14,9.50673206849981e-12,True
8,9,900.0,2.745408416441524e-13,9.636383541709749e-11,True
8,10,900.0,8.644196499901775e-14,3.034112971465523e-11,True
8,11,900.0,8.644196499901775e-14,3.034112971465523e-11,True
8,12,900.0,1.1164830458844645e-12,3.9188554910544703e-10,True
8,13,900.0,1.9413041401187016e-13,6.813977531816643e-11,True
8,14,900.0,1.3219159598169094e-13,4.639925018957352e-11,True
8,15,900.0,1.1766407770971284e-12,4.1300091276109207e-10,True
8,16,900.0,1.9413041401187016e-13,6.813977531816643e-11,True
8,17,900.0,1.3219159598169094e-13,4.639925018957352e-11,True
8,18,900.0,1.5507741502271356e-12,5.443217267297246e-10,True
8,19,900.0,1.6347907875696908e-12,5.738115664369615e-10,True
8,20,900.0,8.644196499901775e-14,3.034112971465523e-11,True
8,21,900.0,1.3219159598169094e-13,4.639925018957352e-11,True
8,22,900.0,1.9431217442524218e-13,6.820357322326001e-11,True
8,23,900.0,1.3219159598169094e-13,4.639925018957352e-11,True
8,24,900.0,1.7066319030005333e-12,5.990277979531871e-10,True
8,25,900.0,2.7529347203507335e-13,9.662800868431075e-11,True
8,26,900.0,1.9431217442524218e-13,6.820357322326001e-11,True
8,27,900.0,1.3219159598169094e-13,4.639925018957352e-11,True
9,10,900.0,6.115087734192548e-14,2.1463957947015844e-11,True
9,11,900.0,6.115087734192548e-14,2.1463957947015844e-11,True
9,12,900.0,8.382751473863953e-13,2.9423457673262475e-10,True
9,13,900.0,1.4002943862926634e-13,4.915033295887249e-11,True
9,14,900.0,9.448188018230738e-14,3.316313994398989e-11,True
9,15,900.0,8.844687698843459e-13,3.1044853822940543e-10,True
9,16,900.0,1.4002943862926634e-13,4.915033295887249e-11,True
9,17,900.0,9.448188018230738e-14,3.316313994398989e-11,True
9,18,900.0,1.1727949912368722e-12,4.1165104192414215e-10,True
9,19,900.0,1.2377585978055142e-12,4.344532678297355e-10,True
9,20,900.0,6.115087734192548e-14,2.1463957947015844e-11,True
9,21,900.0,9.448188018230738e-14,3.316313994398989e-11,True
9,22,900.0,1.401636520674675e-13,4.919744187568109e-11,True
9,23,900.0,9.448188018230738e-14,3.316313994398989e-11,True
9,24,900.0,1.2933634700459946e-12,4.539705779861441e-10,True
9,25,900.0,2.0021257201707133e-13,7.027461277799204e-11,True
9,26,900.0,1.401636520674675e-13,4.919744187568109e-11,True
9,27,900.0,9.448188018230738e-14,3.316313994398989e-11,True
10,11,900.0,1.685298194892643e-14,5.915396664073177e-12,True
10,12,900.0,2.8996192213261133e-13,1.0177663466854658e-10,True
10,13,900.0,4.1573690149264756e-14,1.459236524239193e-11,True
10,14,900.0,2.708470674786271e-14,9.50673206849981e-12,True
10,15,900.0,3.0729334467045644e-13,1.0785996397933021e-10,True
10,16,900.0,4.1573690149264756e-14,1.459236524239193e-11,True
10,17,900.0,2.708470674786271e-14,9.50673206849981e-12,True
10,18,900.0,4.169684048358091e-13,1.46355910097369e-10,True
10,19,900.0,4.419940554659689e-13,1.5513991346855508e-10,True
10,20,900.0,1.685298194892643e-14,5.915396664073177e-12,True
10,21,900.0,2.708470674786271e-14,9.50673206849981e-12,True
10,22,900.0,4.1617062266768634e-14,1.460758885563579e-11,True
10,23,900.0,2.708470674786271e-14,9.50673206849981e-12,True
10,24,900.0,4.634961663783587e-13,1.626871543988039e-10,True
10,25,900.0,6.133742664212689e-14,2.1529436751386537e-11,True
10,26,900.0,4.1617062266768634e-14,1.460758885563579e-11,True
10,27,900.0,2.708470674786271e-14,9.50673206849981e-12,True
11,12,900.0,2.8996192213261133e-13,1.0177663466854658e-10,True
11,13,900.0,4.1573690149264756e-14,1.459236524239193e-11,True
11,14,900.0,2.708470674786271e-14,9.50673206849981e-12,True
11,15,900.0,3.0729334467045644e-13,1.0785996397933021e-10,True
11,16,900.0,4.1573690149264756e-14,1.459236524239193e-11,True
11,17,900.0,2.708470674786271e-14,9.50673206849981e-12,True
11,18,900.0,4.169684048358091e-13,1.46355910097369e-10,True
11,19,900.0,4.419940554659689e-13,1.5513991346855508e-10,True
11,20,900.0,1.685298194892643e-14,5.915396664073177e-12,True
11,21,900.0,2.708470674786271e-14,9.50673206849981e-12,True
11,22,900.0,4.1617062266768634e-14,1.460758885563579e-11,True
11,23,900.0,2.708470674786271e-14,9.50673206849981e-12,True
11,24,900.0,4.634961663783587e-13,1.626871543988039e-10,True
11,25,900.0,6.133742664212689e-14,2.1529436751386537e-11,True
11,26,900.0,4.1617062266768634e-14,1.460758885563579e-11,True
11,27,900.0,2.708470674786271e-14,9.50673206849981e-12,True
12,13,9.0,1.598877839460082e-12,5.612061216504887e-10,True
12,14,0.0,4.2817642262101463e-13,1.5028992433997613e-10,True
12,15,900.0,3.2084147019473265e-12,1.1261535603835116e-09,True
12,16,900.0,6.094683534924643e-13,2.1392339207585496e-10,True
12,17,900.0,4.2817642262101463e-13,1.5028992433997613e-10,True
12,18,900.0,4.1415576891112705e-12,1.453686748878056e-09,True
12,19,900.0,4.348725388999553e-12,1.526402611538843e-09,True
12,20,900.0,2.8996192213261133e-13,1.0177663466854658e-10,True
12,21,900.0,4.2817642262101463e-13,1.5028992433997613e-10,True
12,22,900.0,6.099929023914765e-13,2.1410750873940823e-10,True
12,23,900.0,4.2817642262101463e-13,1.5028992433997613e-10,True
12,24,900.0,4.525263956867577e-12,1.5883676488605197e-09,True
12,25,900.0,8.40389683594034e-13,2.9497677894150596e-10,True
12,26,900.0,6.099929023914765e-13,2.1410750873940823e-10,True
12,27,900.0,4.2817642262101463e-13,1.5028992433997613e-10,True
13,14,0.0,6.498408048666343e-14,2.2809412250818862e-11,True
13,15,900.0,6.43894010702804e-13,2.260067977566842e-10,True
13,16,900.0,9.731274788191405e-14,3.415677450655183e-11,True
13,17,900.0,6.498408048666343e-14,2.2809412250818862e-11,True
13,18,900.0,8.596435097070929e-13,3.017348719071896e-10,True
13,19,900.0,9.084371320752385e-13,3.1886143335840874e-10,True
13,20,900.0,4.1573690149264756e-14,1.459236524239193e-11,True
13,21,900.0,6.498408048666343e-14,2.2809412250818862e-11,True
13,22,900.0,9.740845425582504e-14,3.419036744379459e-11,True
13,23,900.0,6.498408048666343e-14,2.2809412250818862e-11,True
13,24,900.0,9.502485788516612e-13,3.3353725117693307e-10,True
13,25,900.0,1.4043243743822064e-13,4.929178554081544e-11,True
13,26,900.0,9.740845425582504e-14,3.419036744379459e-11,True
13,27,900.0,6.498408048666343e-14,2.2809412250818862e-11,True
14,15,900.0,4.5302524889670613e-13,1.5901186236274385e-10,True
14,16,900.0,6.498408048666343e-14,2.2809412250818862e-11,True
14,17,900.0,4.2893344796687054e-14,1.5055564023637157e-11,True
14,18,900.0,6.094683534924643e-13,2.1392339207585496e-10,True
14,19,900.0,6.449982322095633e-13,2.2639437950555672e-10,True
14,20,900.0,2.708470674786271e-14,9.50673206849981e-12,True
14,21,900.0,4.2893344796687054e-14,1.5055564023637157e-11,True
14,22,900.0,6.504982131751097e-14,2.283248728244635e-11,True
14,23,900.0,4.2893344796687054e-14,1.5055564023637157e-11,True
14,24,900.0,6.754824364336808e-13,2.37094335188222e-10,True
14,25,900.0,9.476148243719067e-14,3.3261280335453926e-11,True
14,26,900.0,6.504982131751097e-14,2.283248728244635e-11,True
14,27,900.0,4.2893344796687054e-14,1.5055564023637157e-11,True
15,16,870.0,1.9339272469117627e-11,6.788084636660287e-09,True
15,17,870.0,1.422671684561419e-11,4.993577612810581e-09,True
15,18,870.0,1.0241039521813806e-10,3.594604872156646e-08,True
15,19,871.0,9.651278383868639e-11,3.387598712737892e-08,True
15,20,870.0,1.0137001343188277e-11,3.558087471459085e-09,True
15,21,884.5,1.9259545867586835e-12,6.760100599522979e-10,True
15,22,900.0,6.444459027553456e-13,2.262005118671263e-10,True
15,23,900.0,4.5302524889670613e-13,1.5901186236274385e-10,True
15,24,900.0,4.743012031024197e-12,1.6647972228894932e-09,True
15,25,900.0,8.866907307027674e-13,3.112284464766713e-10,True
15,26,900.0,6.444459027553456e-13,2.262005118671263e-10,True
15,27,900.0,4.5302524889670613e-13,1.5901186236274385e-10,True
16,17,900.0,6.498408048666343e-14,2.2809412250818862e-11,True
16,18,900.0,8.596435097070929e-13,3.017348719071896e-10,True
16,19,900.0,9.084371320752385e-13,3.1886143335840874e-10,True
16,20,900.0,4.1573690149264756e-14,1.459236524239193e-11,True
16,21,900.0,6.498408048666343e-14,2.2809412250818862e-11,True
16,22,900.0,9.740845425582504e-14,3.419036744379459e-11,True
16,23,900.0,6.498408048666343e-14,2.2809412250818862e-11,True
16,24,900.0,9.502485788516612e-13,3.3353725117693307e-10,True
16,25,900.0,1.4043243743822064e-13,4.929178554081544e-11,True
16,26,900.0,9.740845425582504e-14,3.419036744379459e-11,True
16,27,900.0,6.498408048666343e-14,2.2809412250818862e-11,True
17,18,900.0,6.094683534924643e-13,2.1392339207585496e-10,True
17,19,900.0,6.449982322095633e-13,2.2639437950555672e-10,True
17,20,900.0,2.708470674786271e-14,9.50673206849981e-12,True
17,21,900.0,4.2893344796687054e-14,1.5055564023637157e-11,True
17,22,900.0,6.504982131751097e-14,2.283248728244635e-11,True
17,23,900.0,4.2893344796687054e-14,1.5055564023637157e-11,True
17,24,900.0,6.754824364336808e-13,2.37094335188222e-10,True
17,25,900.0,9.476148243719067e-14,3.3261280335453926e-11,True
17,26,900.0,6.504982131751097e-14,2.283248728244635e-11,True
17,27,900.0,4.2893344796687054e-14,1.5055564023637157e-11,True
18,19,900.0,5.8429625541937866e-12,2.050879856522019e-09,True
18,20,900.0,4.169684048358091e-13,1.46355910097369e-10,True
18,21,900.0,6.094683534924643e-13,2.1392339207585496e-10,True
18,22,900.0,8.603643796893038e-13,3.019878972709456e-10,True
18,23,900.0,6.094683534924643e-13,2.1392339207585496e-10,True
18,24,900.0,6.07441561257465e-12,2.1321198800137024e-09,True
18,25,900.0,1.175678240901417e-12,4.126630625563974e-10,True
18,26,900.0,8.603643796893038e-13,3.019878972709456e-10,True
18,27,900.0,6.094683534924643e-13,2.1392339207585496e-10,True
19,20,270.0,0.00013204576565613042,0.046348063745301774,True
19,21,864.5,3.3603765355805105e-11,1.1794921639887591e-08,True
19,22,900.0,9.091957212533126e-13,3.1912769815991274e-10,True
19,23,900.0,6.449982322095633e-13,2.2639437950555672e-10,True
19,24,900.0,6.36872221778181e-12,2.2354214984414153e-09,True
19,25,900.0,1.2407889272695374e-12,4.3551691347160765e-10,True
19,26,900.0,9.091957212533126e-13,3.1912769815991274e-10,True
19,27,900.0,6.449982322095633e-13,2.2639437950555672e-10,True
20,21,900.0,2.708470674786271e-14,9.50673206849981e-12,True
20,22,900.0,4.1617062266768634e-14,1.460758885563579e-11,True
20,23,900.0,2.708470674786271e-14,9.50673206849981e-12,True
20,24,900.0,4.634961663783587e-13,1.626871543988039e-10,True
20,25,900.0,6.133742664212689e-14,2.1529436751386537e-11,True
20,26,900.0,4.1617062266768634e-14,1.460758885563579e-11,True
20,27,900.0,2.708470674786271e-14,9.50673206849981e-12,True
21,22,900.0,6.504982131751097e-14,2.283248728244635e-11,True
21,23,900.0,4.2893344796687054e-14,1.5055564023637157e-11,True
21,24,900.0,6.754824364336808e-13,2.37094335188222e-10,True
21,25,900.0,9.476148243719067e-14,3.3261280335453926e-11,True
21,26,900.0,6.504982131751097e-14,2.283248728244635e-11,True
21,27,900.0,4.2893344796687054e-14,1.5055564023637157e-11,True
22,23,855.5,9.908961763444245e-12,3.4780455789689303e-09,True
22,24,870.0,2.718670836241751e-11,9.542534635208546e-09,True
22,25,870.0,5.1206327293412726e-12,1.7973420879987868e-09,True
22,26,870.0,3.720661620071099e-12,1.3059522286449558e-09,True
22,27,870.0,2.613066088354359e-12,9.1718619701238e-10,True
23,24,893.0,1.3953077148965799e-12,4.897530079286995e-10,True
23,25,899.5,1.0079884996420683e-13,3.5380396337436596e-11,True
23,26,900.0,6.504982131751097e-14,2.283248728244635e-11,True
23,27,900.0,4.2893344796687054e-14,1.5055564023637157e-11,True
24,25,877.0,1.5527898069997576e-11,5.4502922225691495e-09,True
24,26,900.0,9.510393617213207e-13,3.338148159641836e-10,True
24,27,900.0,6.754824364336808e-13,2.37094335188222e-10,True
25,26,870.0,2.4845855034146006e-12,8.720895116985248e-10,True
25,27,900.0,9.476148243719067e-14,3.3261280335453926e-11,True
26,27,885.5,2.629961682880563e-13,9.231165506910776e-11,True
