K,Repeat,Seed,Total_Generated,Num_Vehicles,Expected_Received,Actual_Received,PDR(%),Elapsed_Sec,Total_TimesIntoBackoff,Total_SlotsBackoff,Total_NCollisions
1,1,478029,2000,47,94000,1012,1.08,4.17,2014,3049,0
1,2,760678,2000,47,94000,1003,1.07,4.87,2013,3079,0
1,3,487194,2000,47,94000,1022,1.09,5.68,2014,2942,0
1,4,312626,2000,47,94000,1017,1.08,4.62,2014,3044,0
1,5,806698,2000,47,94000,1013,1.08,5.81,2014,3095,0
1,6,409602,2000,47,94000,1016,1.08,4.33,2014,3022,0
1,7,981168,2000,47,94000,1013,1.08,5.51,2014,2958,0
1,8,817752,2000,47,94000,1014,1.08,5.24,2014,3011,0
1,9,437047,2000,47,94000,1013,1.08,5.06,2014,2982,0
1,10,839982,2000,47,94000,1011,1.08,4.87,2014,3013,0
5,1,203977,10000,47,470000,1700,0.36,12.06,10014,14969,0
5,2,403634,10000,47,470000,1710,0.36,9.56,10014,15034,0
5,3,509597,10000,47,470000,1732,0.37,9.57,10014,14762,0
5,4,892767,10000,47,470000,1714,0.36,7.46,10014,14912,0
5,5,415860,10000,47,470000,1709,0.36,9.18,10014,14957,0
5,6,889244,10000,47,470000,1695,0.36,8.56,10014,14883,0
5,7,480337,10000,47,470000,1703,0.36,7.3,10014,14893,0
5,8,40030,10000,47,470000,1696,0.36,7.93,10014,15077,0
5,9,561411,10000,47,470000,1716,0.37,7.93,10014,15013,0
5,10,704448,10000,47,470000,1688,0.36,9.33,10013,14891,0
8,1,490455,16000,47,752000,9670,1.29,8.84,16013,24075,0
8,2,457742,16000,47,752000,9710,1.29,9.1,16014,24055,0
8,3,31578,16000,47,752000,9675,1.29,9.69,16014,24324,0
8,4,784299,16000,47,752000,9696,1.29,10.69,16014,23892,0
8,5,805333,16000,47,752000,9732,1.29,9.62,16013,24058,0
8,6,767663,16000,47,752000,9684,1.29,9.03,16014,24153,0
8,7,151006,16000,47,752000,9685,1.29,9.03,16014,23747,0
8,8,545572,16000,47,752000,9708,1.29,8.5,16014,24063,0
8,9,460353,16000,47,752000,9693,1.29,8.07,16015,24148,0
8,10,646617,16000,47,752000,9692,1.29,8.82,16014,24166,0
15,1,275383,30000,47,1410000,12360,0.88,12.81,30014,45157,259
15,2,270130,30000,47,1410000,12635,0.9,12.68,30014,44863,0
15,3,171172,30000,47,1410000,12619,0.89,15.48,30014,45183,0
15,4,310601,30000,47,1410000,12619,0.89,14.61,30014,45029,0
15,5,103012,30000,47,1410000,12596,0.89,14.09,30014,45240,0
15,6,545050,30000,47,1410000,12605,0.89,12.3,30014,44860,0
15,7,749498,30000,47,1410000,12608,0.89,11.76,30013,44968,0
15,8,775125,30000,47,1410000,12641,0.9,12.36,30013,44937,0
15,9,17493,30000,47,1410000,12598,0.89,12.11,30013,45066,0
15,10,755793,30000,47,1410000,12562,0.89,15.12,30014,44649,0
27,1,6369,54000,47,2538000,13682,0.54,26.34,54014,81109,0
27,2,71050,54000,47,2538000,13626,0.54,25.22,54014,81169,0
27,3,2485,54000,47,2538000,13618,0.54,49.98,54014,80862,0
27,4,931471,54000,47,2538000,13626,0.54,23.91,56014,84075,0
27,5,740820,54000,47,2538000,13618,0.54,23.28,54014,81031,0
27,6,868297,54000,47,2538000,13628,0.54,17.76,54014,80868,0
27,7,519395,54000,47,2538000,13662,0.54,21.28,54014,80776,0
27,8,145341,54000,47,2538000,13671,0.54,35.76,54014,81282,0
27,9,831294,54000,47,2538000,13630,0.54,49.99,54014,81609,0
27,10,603466,54000,47,2538000,13641,0.54,58.99,54014,81010,0
