Rank,ID,Old_Sim_X,Old_Sim_Y,PDR_before(%),Received_before,New_Sim_X,New_Sim_Y,PDR_after(%),Received_after,PDR_change(%p)
1,cluster_15159499_18038479_21113262_347787163_8851291,1268.75,1665.05,21.86,20544,1293.75,1369.68,31.28,29403,9.42
2,cluster_12247700_12529558,440.02,1817.34,0.04,33,465.02,1217.39,13.94,13107,13.9
3,cluster_347349857_347349858,242.64,1697.32,3.93,3695,267.64,1337.41,1.71,1606,-2.22
4,26841354,1829.94,1913.33,3.28,3080,1854.94,1121.4,13.55,12736,10.27
5,17574061,1563.7,2004.3,2.16,2026,1588.7,1030.43,5.46,5133,3.3
6,348243041,1305.88,1866.67,11.09,10429,1330.88,1168.06,23.01,21630,11.92
7,16933971,885.22,2222.14,0.0,0,910.22,812.59,5.4,5079,5.4
8,19755457,692.84,1847.94,0.07,66,717.84,1186.79,2.14,2007,2.07
9,12247702,520.19,2177.31,0.0,0,545.19,857.42,4.05,3805,4.05
10,14319161,169.06,1233.73,0.19,178,194.06,1801.0,0.99,927,0.8
11,19769114,142.71,1003.26,0.07,64,167.71,2031.47,0.02,19,-0.05
12,cluster_314448309_824235741,794.81,1518.29,7.17,6741,819.81,1516.44,3.52,3310,-3.65
13,89119479,1927.38,1532.46,0.47,438,1952.38,1502.27,0.81,760,0.34
14,21970003,1342.57,1392.77,30.6,28760,1367.57,1641.96,10.54,9906,-20.06
15,17574097,1853.32,2193.85,2.83,2658,1878.32,840.88,1.23,1160,-1.6
16,26841336,2080.14,1938.05,2.44,2291,2105.14,1096.68,10.78,10131,8.34
17,1154372516,2309.88,1365.53,2.15,2021,2334.88,1669.2,0.87,821,-1.28
18,26841358,2119.45,1625.02,0.0,0,2144.45,1409.71,2.44,2294,2.44
19,12452103,2415.71,899.22,0.03,26,2440.71,2135.51,2.79,2627,2.76
20,1391319738,1058.25,1694.45,0.0,0,1083.25,1340.28,27.54,25888,27.54
21,19755421,1368.33,2295.04,0.08,76,1393.33,739.69,7.99,7510,7.91
22,21970024,1534.98,1311.38,0.79,744,1559.98,1723.35,2.93,2754,2.14
23,252726522,2108.7,962.71,3.72,3493,2133.7,2072.02,3.1,2918,-0.62
24,26841333,2532.32,2318.54,2.15,2018,2557.32,716.19,0.11,104,-2.04
25,314448358,699.71,1324.75,25.12,23611,724.71,1709.98,1.21,1139,-23.91
26,354910587,413.96,885.69,0.76,711,438.96,2149.04,0.0,0,-0.76
27,cluster_1291385696_21971288,2410.97,1544.22,3.09,2908,2435.97,1490.51,1.7,1596,-1.39
