Repeat,Seed,Total_Generated,Num_Vehicles,Expected_Received,Actual_Received,PDR(%),Elapsed_Sec,Rank,Bitrate,AvoidBeaconSync
1,95670,2000,47,94000,20544,21.86,11.92,1,6Mbps,true
1,352049,2000,47,94000,33,0.04,19.06,2,6Mbps,true
1,572439,2000,47,94000,3695,3.93,19.28,3,6Mbps,true
1,533695,2000,47,94000,3080,3.28,18.83,4,6Mbps,true
1,323132,2000,47,94000,2026,2.16,20.02,5,6Mbps,true
1,273666,2000,47,94000,10429,11.09,18.93,6,6Mbps,true
1,202687,2000,47,94000,0,0.0,19.62,7,6Mbps,true
1,598511,2000,47,94000,66,0.07,20.13,8,6Mbps,true
1,617311,2000,47,94000,0,0.0,17.01,9,6Mbps,true
1,461857,2000,47,94000,178,0.19,3.91,10,6Mbps,true
1,749200,2000,47,94000,64,0.07,5.74,11,6Mbps,true
1,254351,2000,47,94000,6741,7.17,5.87,12,6Mbps,true
1,371735,2000,47,94000,438,0.47,4.95,13,6Mbps,true
1,130822,2000,47,94000,28760,30.6,5.58,14,6Mbps,true
1,383903,2000,47,94000,2658,2.83,4.3,15,6Mbps,true
1,791063,2000,47,94000,2291,2.44,5.47,16,6Mbps,true
1,505224,2000,47,94000,2021,2.15,6.34,17,6Mbps,true
1,54834,2000,47,94000,0,0.0,7.54,18,6Mbps,true
1,489084,2000,47,94000,26,0.03,4.98,19,6Mbps,true
1,102886,2000,47,94000,0,0.0,5.78,20,6Mbps,true
1,743795,2000,47,94000,76,0.08,7.85,21,6Mbps,true
1,9192,2000,47,94000,744,0.79,6.2,22,6Mbps,true
1,782554,2000,47,94000,3493,3.72,6.63,23,6Mbps,true
1,412513,2000,47,94000,2018,2.15,20.13,24,6Mbps,true
1,590085,2000,47,94000,23611,25.12,8.49,25,6Mbps,true
1,928456,2000,47,94000,711,0.76,5.78,26,6Mbps,true
1,484414,2000,47,94000,2908,3.09,4.52,27,6Mbps,true
