Rank,PDR_Mean,PDR_Std,PDR_Min,PDR_Max,Received_Mean,Received_Std,N,Bitrate,AvoidBeaconSync
1,31.28,0.0,31.28,31.28,29403.0,0.0,1,6Mbps,true
2,13.94,0.0,13.94,13.94,13107.0,0.0,1,6Mbps,true
3,1.71,0.0,1.71,1.71,1606.0,0.0,1,6Mbps,true
4,13.55,0.0,13.55,13.55,12736.0,0.0,1,6Mbps,true
5,5.46,0.0,5.46,5.46,5133.0,0.0,1,6Mbps,true
6,23.01,0.0,23.01,23.01,21630.0,0.0,1,6Mbps,true
7,5.4,0.0,5.4,5.4,5079.0,0.0,1,6Mbps,true
8,2.14,0.0,2.14,2.14,2007.0,0.0,1,6Mbps,true
9,4.05,0.0,4.05,4.05,3805.0,0.0,1,6Mbps,true
10,0.99,0.0,0.99,0.99,927.0,0.0,1,6Mbps,true
11,0.02,0.0,0.02,0.02,19.0,0.0,1,6Mbps,true
12,3.52,0.0,3.52,3.52,3310.0,0.0,1,6Mbps,true
13,0.81,0.0,0.81,0.81,760.0,0.0,1,6Mbps,true
14,10.54,0.0,10.54,10.54,9906.0,0.0,1,6Mbps,true
15,1.23,0.0,1.23,1.23,1160.0,0.0,1,6Mbps,true
16,10.78,0.0,10.78,10.78,10131.0,0.0,1,6Mbps,true
17,0.87,0.0,0.87,0.87,821.0,0.0,1,6Mbps,true
18,2.44,0.0,2.44,2.44,2294.0,0.0,1,6Mbps,true
19,2.79,0.0,2.79,2.79,2627.0,0.0,1,6Mbps,true
20,27.54,0.0,27.54,27.54,25888.0,0.0,1,6Mbps,true
21,7.99,0.0,7.99,7.99,7510.0,0.0,1,6Mbps,true
22,2.93,0.0,2.93,2.93,2754.0,0.0,1,6Mbps,true
23,3.1,0.0,3.1,3.1,2918.0,0.0,1,6Mbps,true
24,0.11,0.0,0.11,0.11,104.0,0.0,1,6Mbps,true
25,1.21,0.0,1.21,1.21,1139.0,0.0,1,6Mbps,true
26,0.0,0.0,0.0,0.0,0.0,0.0,1,6Mbps,true
27,1.7,0.0,1.7,1.7,1596.0,0.0,1,6Mbps,true
