ID,Sim_X,Sim_Y,PDR
cluster_15159499_18038479_21113262_347787163_8851291,1293.75,1369.68,31.28
cluster_12247700_12529558,465.02,1217.39,13.94
cluster_347349857_347349858,267.64,1337.41,1.71
26841354,1854.94,1121.40,13.55
17574061,1588.70,1030.43,5.46
348243041,1330.88,1168.06,23.01
16933971,910.22,812.59,5.40
19755457,717.84,1186.79,2.14
12247702,545.19,857.42,4.05
14319161,194.06,1801.00,0.99
19769114,167.71,2031.47,0.02
cluster_314448309_824235741,819.81,1516.44,3.52
89119479,1952.38,1502.27,0.81
21970003,1367.57,1641.96,10.54
17574097,1878.32,840.88,1.23
26841336,2105.14,1096.68,10.78
1154372516,2334.88,1669.20,0.87
26841358,2144.45,1409.71,2.44
12452103,2440.71,2135.51,2.79
1391319738,1083.25,1340.28,27.54
19755421,1393.33,739.69,7.99
21970024,1559.98,1723.35,2.93
252726522,2133.70,2072.02,3.10
26841333,2557.32,716.19,0.11
314448358,724.71,1709.98,1.21
354910587,438.96,2149.04,0.00
cluster_1291385696_21971288,2435.97,1490.51,1.70
