K,PDR_Mean,PDR_Std,PDR_Min,PDR_Max,N,Elapsed_Sec_Mean
1,1.08,0.01,1.07,1.09,30,7.02
2,0.54,0.0,0.54,0.55,30,7.62
3,0.36,0.0,0.36,0.36,30,7.82
4,0.45,0.0,0.45,0.46,30,6.74
5,0.36,0.0,0.36,0.37,30,8.25
6,0.3,0.0,0.3,0.31,30,8.77
7,0.26,0.0,0.26,0.26,30,9.65
8,1.29,0.0,1.28,1.29,30,9.14
9,1.23,0.0,1.23,1.24,30,9.52
10,1.11,0.0,1.11,1.11,30,9.32
11,1.01,0.0,1.01,1.01,30,9.26
12,0.92,0.0,0.92,0.93,30,9.59
13,0.94,0.0,0.93,0.94,30,10.11
14,0.96,0.0,0.95,0.96,30,10.8
15,0.89,0.04,0.69,0.9,30,11.59
16,0.84,0.0,0.83,0.84,30,12.14
17,0.79,0.01,0.76,0.79,30,11.51
18,0.75,0.0,0.74,0.75,30,12.04
19,0.7,0.01,0.67,0.71,30,12.38
20,0.71,0.0,0.71,0.71,30,13.42
21,0.69,0.0,0.69,0.7,30,14.1
22,0.65,0.04,0.43,0.66,30,13.86
23,0.63,0.0,0.61,0.63,30,14.22
24,0.6,0.01,0.6,0.61,30,15.38
25,0.58,0.01,0.56,0.61,30,15.71
26,0.56,0.0,0.54,0.57,30,15.21
27,0.54,0.0,0.52,0.54,30,15.49
