K (RSU 대수),평균 PDR(%),추가되는 RSU 단독 PDR(%),총 K개 단독 PDR 합(%),PDR 표준편차,평균 발신 패킷 수,평균 수신 패킷 수,수신량 표준편차,반복 횟수
1,1.08,1.09,1.09,0.01,2000.0,1015.57,6.22,30
2,0.54,0.0,1.09,0.0,4000.0,1018.73,5.1,30
3,0.36,0.0,1.09,0.0,6000.0,1016.07,6.5,30
4,0.45,0.73,1.82,0.0,8000.0,1705.03,8.98,30
5,0.36,0.0,1.82,0.0,10000.0,1702.6,7.35,30
6,0.3,0.01,1.83,0.0,12000.0,1716.0,8.44,30
7,0.26,0.0,1.83,0.0,14000.0,1713.13,11.56,30
8,1.29,8.49,10.32,0.0,16000.0,9695.0,23.73,30
9,1.23,0.78,11.1,0.0,18000.0,10424.63,18.62,30
10,1.11,0.0,11.1,0.0,20000.0,10423.23,14.86,30
11,1.01,0.0,11.1,0.0,22000.0,10425.4,15.65,30
12,0.92,0.0,11.1,0.0,24000.0,10425.1,17.89,30
13,0.94,1.1,12.2,0.0,26000.0,11460.27,22.45,30
14,0.96,1.22,13.42,0.0,28000.0,12608.73,19.62,30
15,0.89,0.0,13.42,0.04,30000.0,12502.03,521.03,30
16,0.84,0.0,13.42,0.0,32000.0,12596.6,32.58,30
17,0.79,0.0,13.42,0.01,34000.0,12588.7,101.42,30
18,0.75,0.0,13.42,0.0,36000.0,12604.6,21.59,30
19,0.7,0.0,13.42,0.01,38000.0,12576.0,125.52,30
20,0.71,0.74,14.16,0.0,40000.0,13295.87,22.88,30
21,0.69,0.37,14.53,0.0,42000.0,13646.83,35.04,30
22,0.65,0.0,14.53,0.04,44000.0,13471.73,855.4,30
23,0.63,0.0,14.53,0.0,46000.0,13622.87,69.09,30
24,0.6,0.0,14.53,0.01,48000.0,13639.63,39.1,30
25,0.58,0.0,14.53,0.01,50000.0,13632.57,155.32,30
26,0.56,0.0,14.53,0.0,52000.0,13633.6,99.38,30
27,0.54,0.0,14.53,0.0,54000.0,13626.67,77.19,30
