K,Repeat,Seed,Total_Generated,Num_Vehicles,Expected_Received,Actual_Received,PDR(%),Elapsed_Sec
1,1,783034,2000,47,94000,26520,28.21,2.67
1,2,514363,2000,47,94000,26520,28.21,1.86
1,3,637680,2000,47,94000,26520,28.21,2.37
1,4,446781,2000,47,94000,26520,28.21,2.34
1,5,296283,2000,47,94000,26520,28.21,1.76
1,6,378431,2000,47,94000,26520,28.21,4.99
1,7,895869,2000,47,94000,26520,28.21,4.13
1,8,884402,2000,47,94000,26520,28.21,6.31
1,9,185561,2000,47,94000,26520,28.21,5.65
1,10,391195,2000,47,94000,26520,28.21,7.0
2,1,22146,4000,47,188000,26520,14.11,7.92
2,2,102133,4000,47,188000,26520,14.11,6.74
2,3,359048,4000,47,188000,26520,14.11,5.92
2,4,991962,4000,47,188000,26520,14.11,2.51
2,5,993674,4000,47,188000,26520,14.11,2.04
2,6,597351,4000,47,188000,26520,14.11,2.47
2,7,589442,4000,47,188000,26520,14.11,2.11
2,8,840482,4000,47,188000,26520,14.11,2.82
2,9,982107,4000,47,188000,26520,14.11,5.13
2,10,748014,4000,47,188000,26520,14.11,8.07
3,1,253766,6000,47,282000,43580,15.45,17.3
3,2,994274,6000,47,282000,43580,15.45,16.9
3,3,546475,6000,47,282000,43010,15.25,6.57
3,4,355939,6000,47,282000,43010,15.25,4.64
3,5,49294,6000,47,282000,43010,15.25,4.89
3,6,881090,6000,47,282000,43010,15.25,3.62
3,7,55370,6000,47,282000,42390,15.03,4.72
3,8,727338,6000,47,282000,43010,15.25,4.23
3,9,472180,6000,47,282000,43580,15.45,4.76
3,10,657056,6000,47,282000,43010,15.25,5.12
4,1,388404,8000,47,376000,45220,12.03,3.25
4,2,560419,8000,47,376000,44597,11.86,5.67
4,3,474638,8000,47,376000,45160,12.01,6.09
4,4,397527,8000,47,376000,45789,12.18,4.14
4,5,537981,8000,47,376000,45220,12.03,4.77
4,6,379082,8000,47,376000,44600,11.86,6.35
4,7,216428,8000,47,376000,44600,11.86,5.56
4,8,613045,8000,47,376000,44600,11.86,3.8
4,9,372680,8000,47,376000,45220,12.03,9.61
4,10,817814,8000,47,376000,45219,12.03,7.46
5,1,580736,10000,47,470000,45410,9.66,5.8
5,2,346644,10000,47,470000,46028,9.79,7.7
5,3,122419,10000,47,470000,45408,9.66,8.1
5,4,301408,10000,47,470000,45409,9.66,9.81
5,5,554245,10000,47,470000,45967,9.78,7.95
5,6,700947,10000,47,470000,45410,9.66,8.06
5,7,206147,10000,47,470000,45364,9.65,17.78
5,8,84200,10000,47,470000,45410,9.66,19.49
5,9,669967,10000,47,470000,46030,9.79,20.3
5,10,698762,10000,47,470000,46019,9.79,21.17
