K,N,Shapiro_W,p_value,Normal(p>=0.05)
1,30,0.8043910853313848,7.890614030156744e-05,False
2,30,0.3467104767169996,1.7832852565313425e-10,False
3,30,,0.0,False
4,30,0.5539882748432465,2.0942965297910358e-08,False
5,30,0.27537524707197014,4.401719843571043e-11,False
6,30,0.5539882748432465,2.0942965297910358e-08,False
7,30,,0.0,False
8,30,0.40440100873639184,5.981489927588452e-10,False
9,30,0.3467104767169996,1.7832852565313425e-10,False
10,30,,0.0,False
11,30,,0.0,False
12,30,0.5774388250536479,3.914394139687341e-08,False
13,30,0.27537524707197014,4.401719843571043e-11,False
14,30,0.17961525210206075,7.76637667465555e-12,False
15,30,0.26496529415944603,3.617983012749143e-11,False
16,30,0.27537524707197014,4.401719843571043e-11,False
17,30,0.17961525210206075,7.76637667465555e-12,False
18,30,0.6235593478320641,1.4329627150712772e-07,False
19,30,0.5820371274235847,4.436598646464239e-08,False
20,30,,0.0,False
21,30,0.17961525210206064,7.76637667465555e-12,False
22,30,0.2132579441199819,1.4044944049719156e-11,False
23,30,0.17961525210206075,7.76637667465555e-12,False
24,30,0.6366219413557237,2.106946328283306e-07,False
25,30,0.42458372502766517,9.307285350538253e-10,False
26,30,0.3146280590512598,9.387907914659328e-11,False
27,30,0.17961525210206075,7.76637667465555e-12,False
