Rank,N_points_150m,Avg_Speed_mps,Median_Speed_mps,Stopped_count_lt_0.5mps,Stopped_count_lt_1.0mps,Stopped_count_lt_2.0mps,Stopped_count_lt_3.0mps,Stopped_count_lt_5.0mps,PDR_Mean,Received_Mean
1,26169,12.23,12.96,821,886,1039,1209,1617,1.09,1017.8
2,19726,10.96,12.4,1339,1424,1603,1788,2136,0.0,1.1
3,17409,13.49,13.47,170,185,230,275,374,0.0,0.0
4,12055,8.53,7.92,941,989,1076,1190,1416,0.73,687.8
5,11914,16.01,15.9,0,0,0,0,0,0.0,0.0
6,10356,16.26,16.2,0,0,0,0,0,0.01,9.6
7,7906,12.96,13.7,0,0,0,0,0,0.0,0.0
8,5856,11.51,12.41,30,36,49,62,93,8.49,7982.2
9,6326,10.42,9.78,53,60,73,87,157,0.78,728.8
10,8371,13.95,12.97,66,70,86,101,134,0.0,0.0
11,7752,11.82,12.81,53,60,73,87,162,0.0,0.7
12,6205,16.11,15.83,0,0,0,0,0,0.0,0.0
13,7186,7.4,8.22,894,938,1021,1133,1322,1.1,1031.6
14,3470,20.39,22.41,0,0,0,0,0,1.22,1149.4
15,4946,10.71,11.42,33,37,52,67,98,0.0,0.0
16,5113,13.63,13.86,0,0,0,0,0,0.0,0.0
17,7407,12.68,13.7,0,0,0,0,0,0.0,0.0
18,5695,12.04,12.9,45,49,65,80,109,0.0,0.0
19,2580,18.64,18.85,12,18,32,48,74,0.0,0.0
20,2461,24.2,28.0,0,0,0,0,0,0.74,692.4
21,2027,26.63,27.72,0,0,0,0,0,0.37,347.8
22,2244,9.39,8.58,0,0,0,0,0,0.0,0.0
23,2258,9.5,9.2,0,0,0,0,0,0.0,0.0
24,2509,11.79,12.84,0,0,0,0,0,0.0,0.0
25,10899,13.85,13.09,125,136,165,195,257,0.0,0.0
26,1746,8.68,8.94,0,0,0,0,0,0.0,0.0
27,1480,15.37,17.0,0,0,0,0,0,0.0,0.0
