Rank,PDR_Mean,PDR_Std,PDR_Min,PDR_Max,Received_Mean,Received_Std,N
1,1.09,0.01,1.07,1.1,1017.8,9.19,10
2,0.0,0.0,0.0,0.0,1.1,0.99,10
3,0.0,0.0,0.0,0.0,0.0,0.0,10
4,0.73,0.01,0.72,0.74,687.8,6.43,10
5,0.0,0.0,0.0,0.0,0.0,0.0,10
6,0.01,0.0,0.01,0.01,9.6,0.52,10
7,0.0,0.0,0.0,0.0,0.0,0.0,10
8,8.49,0.01,8.46,8.51,7982.2,12.92,10
9,0.78,0.01,0.77,0.78,728.8,3.61,10
10,0.0,0.0,0.0,0.0,0.0,0.0,10
11,0.0,0.0,0.0,0.0,0.7,1.06,10
12,0.0,0.0,0.0,0.0,0.0,0.0,10
13,1.1,0.01,1.09,1.11,1031.6,5.04,10
14,1.22,0.01,1.21,1.23,1149.4,4.6,10
15,0.0,0.0,0.0,0.0,0.0,0.0,10
16,0.0,0.0,0.0,0.0,0.0,0.0,10
17,0.0,0.0,0.0,0.0,0.0,0.0,10
18,0.0,0.0,0.0,0.0,0.0,0.0,10
19,0.0,0.0,0.0,0.0,0.0,0.0,10
20,0.74,0.0,0.73,0.74,692.4,5.21,10
21,0.37,0.01,0.36,0.38,347.8,5.51,10
22,0.0,0.0,0.0,0.0,0.0,0.0,10
23,0.0,0.0,0.0,0.0,0.0,0.0,10
24,0.0,0.0,0.0,0.0,0.0,0.0,10
25,0.0,0.0,0.0,0.0,0.0,0.0,10
26,0.0,0.0,0.0,0.0,0.0,0.0,10
27,0.0,0.0,0.0,0.0,0.0,0.0,10
