ID,Rel_X,Rel_Y,Sim_X,Sim_Y,Lat,Lon,PDR
Grid_1,37.5,37.5,62.5,2997.23,49.561746398060414,10.998262328733475,0.0
Grid_2,37.5,112.5,62.5,2922.23,49.56242059259902,10.998289853229208,0.0
Grid_3,37.5,187.5,62.5,2847.23,49.56309478704737,10.99831737875892,0.0
Grid_4,37.5,262.5,62.5,2772.23,49.56376898140548,10.998344905322663,0.0
Grid_5,37.5,337.5,62.5,2697.23,49.56444317567334,10.998372432920485,0.0
Grid_6,37.5,412.5,62.5,2622.23,49.56511736985094,10.998399961552439,0.0
Grid_7,37.5,487.5,62.5,2547.23,49.5657915639383,10.998427491218573,0.0
Grid_8,37.5,562.5,62.5,2472.23,49.56646575793541,10.998455021918938,0.0
Grid_9,37.5,637.5,62.5,2397.23,49.56713995184227,10.998482553653586,0.0
Grid_10,37.5,712.5,62.5,2322.23,49.56781414565889,10.998510086422565,0.0
