ID,Rel_X,Rel_Y,Lat,Lon,PDR
Grid_1,75.0,75.0,49.56207454235066,10.998794332899422,0.0
Grid_2,75.0,225.0,49.56342293082335,10.998849398212881,0.0
Grid_3,75.0,375.0,49.56477131893502,10.998904467663628,0.0
Grid_4,75.0,525.0,49.56611970668569,10.998959541252068,0.04
Grid_5,75.0,675.0,49.56746809407532,10.999014618978602,0.04
Grid_6,75.0,825.0,49.568816481103944,10.999069700843634,0.32
Grid_7,75.0,975.0,49.57016486777155,10.999124786847565,0.22
Grid_8,75.0,1125.0,49.57151325407815,10.999179876990796,0.29
Grid_9,75.0,1275.0,49.5728616400237,10.999234971273733,0.61
Grid_10,75.0,1425.0,49.57421002560824,10.999290069696775,1.3299999999999998
Grid_11,75.0,1575.0,49.57555841083174,10.999345172260327,0.18
Grid_12,75.0,1725.0,49.576906795694214,10.99940027896479,0.08
Grid_13,75.0,1875.0,49.57825518019565,10.999455389810567,0.0
Grid_14,75.0,2025.0,49.57960356433605,10.999510504798062,0.0
Grid_15,75.0,2175.0,49.58095194811543,10.999565623927676,0.0
Grid_16,75.0,2325.0,49.582300331533744,10.999620747199812,0.0
Grid_17,75.0,2475.0,49.58364871459102,10.999675874614876,0.0
Grid_18,75.0,2625.0,49.58499709728726,10.999731006173265,0.0
Grid_19,75.0,2775.0,49.58634547962246,10.999786141875386,0.0
Grid_20,75.0,2925.0,49.587693861596605,10.999841281721643,0.0
Grid_21,225.0,75.0,49.562038707194404,11.000867298502502,0.0
Grid_22,225.0,225.0,49.56338709396994,11.00092242083179,0.0
Grid_23,225.0,375.0,49.56473548038438,11.000977547302645,0.06
Grid_24,225.0,525.0,49.566083866437715,11.00103267791547,0.08
Grid_25,225.0,675.0,49.56743225212993,11.001087812670665,0.0
Grid_26,225.0,825.0,49.56878063746104,11.001142951568633,0.0
Grid_27,225.0,975.0,49.57012902243104,11.00119809460978,0.42
Grid_28,225.0,1125.0,49.571477407039914,11.001253241794508,7.37
Grid_29,225.0,1275.0,49.57282579128769,11.001308393123217,0.35000000000000003
Grid_30,225.0,1425.0,49.57417417517433,11.001363548596311,2.46
Grid_31,225.0,1575.0,49.57552255869985,11.001418708214194,0.41000000000000003
Grid_32,225.0,1725.0,49.57687094186424,11.001473871977268,3.53
Grid_33,225.0,1875.0,49.578219324667515,11.001529039885938,1.0
Grid_34,225.0,2025.0,49.57956770710966,11.001584211940605,0.06
Grid_35,225.0,2175.0,49.58091608919067,11.001639388141673,0.0
Grid_36,225.0,2325.0,49.582264470910545,11.001694568489544,0.0
Grid_37,225.0,2475.0,49.58361285226928,11.001749752984624,0.0
Grid_38,225.0,2625.0,49.584961233266895,11.001804941627315,0.0
Grid_39,225.0,2775.0,49.58630961390337,11.001860134418019,0.0
Grid_40,225.0,2925.0,49.58765799417869,11.001915331357141,0.0
Grid_41,375.0,75.0,49.56200283492646,11.002940259964415,0.0
Grid_42,375.0,225.0,49.563351220003106,11.002995439309133,0.01
Grid_43,375.0,375.0,49.56469960471856,11.003050622799693,0.19
Grid_44,375.0,525.0,49.56604798907281,11.003105810436498,0.22
Grid_45,375.0,675.0,49.56739637306585,11.00316100221995,0.02
Grid_46,375.0,825.0,49.568744756697676,11.003216198150456,0.95
Grid_47,375.0,975.0,49.57009313996832,11.003271398228417,0.2
Grid_48,375.0,1125.0,49.57144152287774,11.003326602454235,0.5
Grid_49,375.0,1275.0,49.57278990542595,11.003381810828314,4.31
Grid_50,375.0,1425.0,49.57413828761296,11.003437023351058,8.51
Grid_51,375.0,1575.0,49.57548666943874,11.00349224002287,7.109999999999999
Grid_52,375.0,1725.0,49.5768350509033,11.003547460844153,0.0
Grid_53,375.0,1875.0,49.57818343200665,11.00360268581531,0.05
Grid_54,375.0,2025.0,49.579531812748776,11.003657914936747,0.1
Grid_55,375.0,2175.0,49.58088019312967,11.003713148208865,0.0
Grid_56,375.0,2325.0,49.58222857314936,11.00376838563207,0.0
Grid_57,375.0,2475.0,49.58357695280779,11.003823627206762,0.0
Grid_58,375.0,2625.0,49.58492533210501,11.003878872933349,0.0
Grid_59,375.0,2775.0,49.586273711041,11.003934122812232,0.0
Grid_60,375.0,2925.0,49.587622089615756,11.003989376843817,0.0
Grid_61,525.0,75.0,49.56196692554705,11.00501321728089,0.0
Grid_62,525.0,225.0,49.56331530892304,11.005068453640634,0.27
Grid_63,525.0,375.0,49.56466369193774,11.005123694150495,0.8
Grid_64,525.0,525.0,49.56601207459115,11.005178938810879,0.66
Grid_65,525.0,675.0,49.56736045688325,11.005234187622188,0.24
Grid_66,525.0,825.0,49.56870883881406,11.005289440584825,0.51
Grid_67,525.0,975.0,49.570057220383575,11.005344697699195,5.38
Grid_68,525.0,1125.0,49.571405601591785,11.005399958965702,2.21
Grid_69,525.0,1275.0,49.572753982438684,11.005455224384747,18.709999999999997
Grid_70,525.0,1425.0,49.57410236292428,11.005510493956738,6.16
Grid_71,525.0,1575.0,49.575450743048584,11.005565767682075,0.65
Grid_72,525.0,1725.0,49.57679912281156,11.005621045561162,0.0
Grid_73,525.0,1875.0,49.57814750221323,11.005676327594406,0.06
Grid_74,525.0,2025.0,49.57949588125359,11.005731613782206,0.0
Grid_75,525.0,2175.0,49.58084425993262,11.005786904124973,0.0
Grid_76,525.0,2325.0,49.58219263825034,11.005842198623105,0.0
Grid_77,525.0,2475.0,49.58354101620671,11.005897497277008,0.0
Grid_78,525.0,2625.0,49.58488939380179,11.005952800087087,0.0
Grid_79,525.0,2775.0,49.586237771035535,11.006008107053745,0.0
Grid_80,525.0,2925.0,49.587586147907956,11.006063418177387,0.0
Grid_81,675.0,75.0,49.56193097905633,11.007086170447652,0.0
Grid_82,675.0,225.0,49.5632793607299,11.007141463822018,0.47000000000000003
Grid_83,675.0,375.0,49.5646277420421,11.007196761350777,2.6
Grid_84,675.0,525.0,49.565976122992915,11.007252063034334,1.72
Grid_85,675.0,675.0,49.56732450358233,11.007307368873095,0.04
Grid_86,675.0,825.0,49.56867288381035,11.00736267886746,1.69
Grid_87,675.0,975.0,49.570021263676985,11.007417993017837,0.69
Grid_88,675.0,1125.0,49.57136964318224,11.00747331132463,0.16
Grid_89,675.0,1275.0,49.572718022326065,11.007528633788239,6.81
Grid_90,675.0,1425.0,49.57406640110852,11.00758396040907,0.16999999999999998
Grid_91,675.0,1575.0,49.57541477952956,11.007639291187527,0.03
Grid_92,675.0,1725.0,49.5767631575892,11.007694626124017,0.65
Grid_93,675.0,1875.0,49.57811153528743,11.007749965218942,0.1
Grid_94,675.0,2025.0,49.57945991262426,11.007805308472705,0.0
Grid_95,675.0,2175.0,49.580808289599666,11.007860655885713,0.0
Grid_96,675.0,2325.0,49.58215666621367,11.007916007458368,0.0
Grid_97,675.0,2475.0,49.58350504246624,11.007971363191078,0.0
Grid_98,675.0,2625.0,49.58485341835741,11.008026723084246,0.0
Grid_99,675.0,2775.0,49.58620179388718,11.008082087138275,0.0
Grid_100,675.0,2925.0,49.587550169055504,11.008137455353571,0.0
Grid_101,825.0,75.0,49.56189499545448,11.00915911946042,0.0
Grid_102,825.0,225.0,49.563243375423895,11.009214469849004,0.52
Grid_103,825.0,375.0,49.56459175503183,11.00926982439626,3.34
Grid_104,825.0,525.0,49.56594013427829,11.009325183102588,4.41
Grid_105,825.0,675.0,49.567288513163255,11.009380545968396,4.91
Grid_106,825.0,825.0,49.568636891686744,11.009435912994087,2.62
Grid_107,825.0,975.0,49.56998526984875,11.009491284180065,0.88
Grid_108,825.0,1125.0,49.57133364764927,11.009546659526737,0.8699999999999999
Grid_109,825.0,1275.0,49.57268202508829,11.009602039034505,0.5599999999999999
Grid_110,825.0,1425.0,49.574030402165825,11.009657422703775,0.52
Grid_111,825.0,1575.0,49.57537877888185,11.00971281053495,1.02
Grid_112,825.0,1725.0,49.576727155236405,11.009768202528436,0.0
Grid_113,825.0,1875.0,49.57807553122944,11.009823598684635,0.0
Grid_114,825.0,2025.0,49.57942390686098,11.00987899900396,0.0
Grid_115,825.0,2175.0,49.580772282131015,11.009934403486804,0.0
Grid_116,825.0,2325.0,49.58212065703954,11.009989812133579,0.0
Grid_117,825.0,2475.0,49.58346903158655,11.01004522494469,0.0
Grid_118,825.0,2625.0,49.584817405772064,11.010100641920541,0.0
Grid_119,825.0,2775.0,49.586165779596065,11.010156063061537,0.0
Grid_120,825.0,2925.0,49.58751415305856,11.010211488368082,0.0
Grid_121,975.0,75.0,49.561858974741675,11.011232064314925,0.0
Grid_122,975.0,225.0,49.56320735300517,11.011287471717322,0.8099999999999999
Grid_123,975.0,375.0,49.564555730907095,11.011342883282667,3.1399999999999997
Grid_124,975.0,525.0,49.56590410844745,11.011398299011361,4.35
Grid_125,975.0,675.0,49.567252485626206,11.011453718903812,5.609999999999999
Grid_126,975.0,825.0,49.568600862443404,11.011509142960424,7.93
Grid_127,975.0,975.0,49.569949238899035,11.011564571181601,2.7199999999999998
Grid_128,975.0,1125.0,49.57129761499307,11.01162000356775,0.35000000000000003
Grid_129,975.0,1275.0,49.57264599072551,11.011675440119271,1.5599999999999998
Grid_130,975.0,1425.0,49.573994366096386,11.011730880836573,0.16
Grid_131,975.0,1575.0,49.57534274110566,11.011786325720061,2.81
Grid_132,975.0,1725.0,49.57669111575334,11.011841774770138,0.02
Grid_133,975.0,1875.0,49.57803949003943,11.011897227987214,0.0
Grid_134,975.0,2025.0,49.57938786396394,11.011952685371686,0.18
Grid_135,975.0,2175.0,49.580736237526835,11.012008146923966,0.0
Grid_136,975.0,2325.0,49.58208461072814,11.012063612644456,0.0
Grid_137,975.0,2475.0,49.58343298356782,11.012119082533562,0.0
Grid_138,975.0,2625.0,49.584781356045916,11.012174556591692,0.0
Grid_139,975.0,2775.0,49.58612972816241,11.01223003481925,0.0
Grid_140,975.0,2925.0,49.587478099917284,11.012285517216638,0.0
Grid_141,1125.0,75.0,49.56182291691811,11.013305005006886,0.0
Grid_142,1125.0,225.0,49.563171293473935,11.013360469422693,0.36
Grid_143,1125.0,375.0,49.56451966966809,11.013415938005723,3.25
Grid_144,1125.0,525.0,49.56586804550059,11.013471410756381,3.3300000000000005
Grid_145,1125.0,675.0,49.56721642097139,11.01352688767507,0.09
Grid_146,1125.0,825.0,49.56856479608054,11.013582368762199,6.2700000000000005
Grid_147,1125.0,975.0,49.569913170828016,11.013637854018167,7.7299999999999995
Grid_148,1125.0,1125.0,49.57126154521382,11.013693343443386,7.870000000000001
Grid_149,1125.0,1275.0,49.57260991923792,11.013748837038259,3.26
Grid_150,1125.0,1425.0,49.57395829290038,11.013804334803188,18.8
Grid_151,1125.0,1575.0,49.575306666201136,11.013859836738582,0.0
Grid_152,1125.0,1725.0,49.57665503914022,11.013915342844848,0.24
Grid_153,1125.0,1875.0,49.57800341171759,11.013970853122387,0.19
Grid_154,1125.0,2025.0,49.5793517839333,11.014026367571608,1.16
Grid_155,1125.0,2175.0,49.580700155787305,11.014081886192916,0.16
Grid_156,1125.0,2325.0,49.582048527279625,11.014137408986716,0.0
Grid_157,1125.0,2475.0,49.58339689841023,11.014192935953416,0.0
Grid_158,1125.0,2625.0,49.58474526917916,11.014248467093417,0.0
Grid_159,1125.0,2775.0,49.58609363958637,11.014304002407128,0.0
Grid_160,1125.0,2925.0,49.5874420096319,11.014359541894956,0.0
Grid_161,1275.0,75.0,49.561786821983965,11.01537794153203,0.0
Grid_162,1275.0,225.0,49.56313519683036,11.015433462960843,0.26
Grid_163,1275.0,375.0,49.56448357131499,11.015488988561152,1.59
Grid_164,1275.0,525.0,49.56583194543786,11.015544518333368,1.82
Grid_165,1275.0,675.0,49.567180319198954,11.01560005227789,0.33
Grid_166,1275.0,825.0,49.5685286925983,11.015655590395129,5.28
Grid_167,1275.0,975.0,49.56987706563587,11.015711132685485,5.140000000000001
Grid_168,1275.0,1125.0,49.57122543831168,11.01576667914937,1.35
Grid_169,1275.0,1275.0,49.57257381062573,11.015822229787187,17.52
Grid_170,1275.0,1425.0,49.57392218257798,11.01587778459934,24.759999999999998
Grid_171,1275.0,1575.0,49.57527055416847,11.015933343586235,18.970000000000002
Grid_172,1275.0,1725.0,49.57661892539718,11.01598890674828,14.84
Grid_173,1275.0,1875.0,49.577967296264106,11.016044474085882,9.370000000000001
Grid_174,1275.0,2025.0,49.579315666769254,11.016100045599444,2.65
Grid_175,1275.0,2175.0,49.580664036912616,11.016155621289375,1.06
Grid_176,1275.0,2325.0,49.58201240669418,11.016211201156079,0.05
Grid_177,1275.0,2475.0,49.58336077611396,11.01626678519996,0.0
Grid_178,1275.0,2625.0,49.584709145171956,11.01632237342143,0.0
Grid_179,1275.0,2775.0,49.586057513868155,11.016377965820892,0.0
Grid_180,1275.0,2925.0,49.58740588220256,11.01643356239875,0.0
Grid_181,1425.0,75.0,49.56175068993941,11.017450873886082,0.0
Grid_182,1425.0,225.0,49.56309906307462,11.017506452327494,0.3
Grid_183,1425.0,375.0,49.56444743584797,11.01756203494468,1.38
Grid_184,1425.0,525.0,49.56579580825947,11.017617621738045,2.4699999999999998
Grid_185,1425.0,675.0,49.5671441803091,11.017673212707994,4.5
Grid_186,1425.0,825.0,49.56849255199688,11.017728807854938,0.64
Grid_187,1425.0,975.0,49.56984092332281,11.017784407179278,1.04
Grid_188,1425.0,1125.0,49.571189294286874,11.017840010681422,0.96
Grid_189,1425.0,1275.0,49.572537664889055,11.017895618361775,1.4200000000000002
Grid_190,1425.0,1425.0,49.573886035129384,11.017951230220744,22.67
Grid_191,1425.0,1575.0,49.57523440500785,11.01800684625874,12.15
Grid_192,1425.0,1725.0,49.57658277452444,11.018062466476158,4.37
Grid_193,1425.0,1875.0,49.577931143679145,11.018118090873415,1.97
Grid_194,1425.0,2025.0,49.579279512471985,11.018173719450912,1.0999999999999999
Grid_195,1425.0,2175.0,49.58062788090294,11.018229352209058,0.13999999999999999
Grid_196,1425.0,2325.0,49.58197624897202,11.01828498914826,0.0
Grid_197,1425.0,2475.0,49.58332461667919,11.018340630268922,0.0
Grid_198,1425.0,2625.0,49.58467298402451,11.018396275571453,0.0
Grid_199,1425.0,2775.0,49.58602135100793,11.018451925056256,0.0
Grid_200,1425.0,2925.0,49.58736971762946,11.01850757872374,0.0
Grid_201,1575.0,75.0,49.56171452078463,11.019523802064766,0.0
Grid_202,1575.0,225.0,49.5630628922069,11.019579437518372,0.43
Grid_203,1575.0,375.0,49.564411263267225,11.019635077152026,1.82
Grid_204,1575.0,525.0,49.56575963396559,11.019690720966137,2.74
Grid_205,1575.0,675.0,49.56710800430199,11.019746368961108,3.8699999999999997
Grid_206,1575.0,825.0,49.56845637427647,11.019802021137348,3.0
Grid_207,1575.0,975.0,49.56980474388899,11.019857677495267,1.15
Grid_208,1575.0,1125.0,49.571153113139545,11.019913338035265,3.81
Grid_209,1575.0,1275.0,49.57250148202813,11.01996900275775,4.9
Grid_210,1575.0,1425.0,49.57384985055479,11.02002467166313,16.76
Grid_211,1575.0,1575.0,49.57519821871944,11.020080344751811,14.37
Grid_212,1575.0,1725.0,49.576546586522156,11.020136022024202,2.48
Grid_213,1575.0,1875.0,49.57789495396289,11.020191703480705,1.82
Grid_214,1575.0,2025.0,49.57924332104166,11.020247389121733,1.96
Grid_215,1575.0,2175.0,49.58059168775846,11.02030307894769,1.39
Grid_216,1575.0,2325.0,49.581940054113275,11.02035877295898,0.04
Grid_217,1575.0,2475.0,49.58328842010612,11.020414471156014,0.0
Grid_218,1575.0,2625.0,49.58463678573698,11.020470173539199,0.0
Grid_219,1575.0,2775.0,49.58598515100587,11.020525880108938,0.0
Grid_220,1575.0,2925.0,49.587333515912775,11.020581590865644,0.0
Grid_221,1725.0,75.0,49.56167831451981,11.021596726063805,0.0
Grid_222,1725.0,225.0,49.56302668422739,11.021652418529198,0.75
Grid_223,1725.0,375.0,49.56437505357292,11.021708115178916,1.27
Grid_224,1725.0,525.0,49.5657234225564,11.021763816013365,1.32
Grid_225,1725.0,675.0,49.56707179117783,11.021819521032953,1.4000000000000001
Grid_226,1725.0,825.0,49.56842015943724,11.021875230238088,0.04
Grid_227,1725.0,975.0,49.569768527334595,11.021930943629172,0.21
Grid_228,1725.0,1125.0,49.57111689486988,11.021986661206618,5.04
Grid_229,1725.0,1275.0,49.572465262043124,11.022042382970827,7.6899999999999995
Grid_230,1725.0,1425.0,49.57381362885431,11.022098108922213,1.0
Grid_231,1725.0,1575.0,49.57516199530345,11.022153839061177,8.15
Grid_232,1725.0,1725.0,49.57651036139052,11.02220957338813,3.5000000000000004
Grid_233,1725.0,1875.0,49.57785872711553,11.022265311903475,2.67
Grid_234,1725.0,2025.0,49.57920709247848,11.022321054607625,2.56
Grid_235,1725.0,2175.0,49.580555457479356,11.022376801500982,2.2800000000000002
Grid_236,1725.0,2325.0,49.58190382211818,11.022432552583957,1.29
Grid_237,1725.0,2475.0,49.583252186394894,11.022488307856957,0.06999999999999999
Grid_238,1725.0,2625.0,49.58460055030958,11.022544067320387,0.0
Grid_239,1725.0,2775.0,49.58594891386217,11.02259983097466,0.0
Grid_240,1725.0,2925.0,49.587297277052684,11.022655598820176,0.0
Grid_241,1875.0,75.0,49.56164207114513,11.023669645878929,0.0
Grid_242,1875.0,225.0,49.56299043913625,11.023725395355703,0.6799999999999999
Grid_243,1875.0,375.0,49.56433880676524,11.023781149021076,1.4000000000000001
Grid_244,1875.0,525.0,49.56568717403209,11.023836906875458,1.4500000000000002
Grid_245,1875.0,675.0,49.56703554093679,11.023892668919252,2.18
Grid_246,1875.0,825.0,49.568383907479365,11.023948435152873,1.16
Grid_247,1875.0,975.0,49.56973227365979,11.02400420557672,0.63
Grid_248,1875.0,1125.0,49.57108063947807,11.024059980191204,10.299999999999999
Grid_249,1875.0,1275.0,49.57242900493421,11.024115758996734,5.680000000000001
Grid_250,1875.0,1425.0,49.5737773700282,11.024171541993715,2.37
Grid_251,1875.0,1575.0,49.575125734760036,11.024227329182555,0.38
Grid_252,1875.0,1725.0,49.57647409912972,11.02428312056366,1.95
Grid_253,1875.0,1875.0,49.57782246313725,11.024338916137443,3.2800000000000002
Grid_254,1875.0,2025.0,49.57917082678262,11.024394715904307,2.96
Grid_255,1875.0,2175.0,49.58051919006583,11.024450519864661,2.67
Grid_256,1875.0,2325.0,49.58186755298687,11.024506328018912,2.01
Grid_257,1875.0,2475.0,49.583215915545736,11.024562140367468,0.79
Grid_258,1875.0,2625.0,49.58456427774245,11.02461795691074,0.0
Grid_259,1875.0,2775.0,49.58591263957701,11.024673777649133,0.0
Grid_260,1875.0,2925.0,49.58726100104938,11.024729602583054,0.0
Grid_261,2025.0,75.0,49.56160579066077,11.025742561505858,0.0
Grid_262,2025.0,225.0,49.56295415693369,11.025798367993605,0.44
Grid_263,2025.0,375.0,49.56430252284437,11.025854178674228,0.9900000000000001
Grid_264,2025.0,525.0,49.565650888392824,11.025909993548133,0.95
Grid_265,2025.0,675.0,49.566999253579056,11.025965812615729,0.0
Grid_266,2025.0,825.0,49.56834761840304,11.026021635877427,0.2
Grid_267,2025.0,975.0,49.569695982864786,11.02607746333363,0.63
Grid_268,2025.0,1125.0,49.57104434696431,11.026133294984747,10.37
Grid_269,2025.0,1275.0,49.57239271070158,11.026189130831188,2.23
Grid_270,2025.0,1425.0,49.57374107407661,11.026244970873359,0.59
Grid_271,2025.0,1575.0,49.57508943708939,11.026300815111666,0.13999999999999999
Grid_272,2025.0,1725.0,49.57643779973993,11.02635666354652,0.0
Grid_273,2025.0,1875.0,49.577786162028204,11.026412516178329,1.94
Grid_274,2025.0,2025.0,49.579134523954245,11.0264683730075,2.86
Grid_275,2025.0,2175.0,49.58048288551802,11.02652423403444,2.83
Grid_276,2025.0,2325.0,49.58183124671955,11.02658009925956,2.32
Grid_277,2025.0,2475.0,49.583179607558804,11.026635968683268,1.6500000000000001
Grid_278,2025.0,2625.0,49.584527968035815,11.026691842305969,0.26
Grid_279,2025.0,2775.0,49.58587632815054,11.026747720128073,0.0
Grid_280,2025.0,2925.0,49.58722468790302,11.026803602149991,0.0
Grid_281,2175.0,75.0,49.56156947306692,11.027815472940318,0.0
Grid_282,2175.0,225.0,49.56291783761987,11.027871336438631,0.22
Grid_283,2175.0,375.0,49.564266201810504,11.027927204134095,0.83
Grid_284,2175.0,525.0,49.56561456563881,11.027983076027118,1.3299999999999998
Grid_285,2175.0,675.0,49.56696292910479,11.02803895211811,0.7100000000000001
Grid_286,2175.0,825.0,49.56831129220844,11.028094832407476,0.53
Grid_287,2175.0,975.0,49.56965965494976,11.028150716895626,4.54
Grid_288,2175.0,1125.0,49.57100801732875,11.02820660558297,5.12
Grid_289,2175.0,1275.0,49.5723563793454,11.028262498469912,1.97
Grid_290,2175.0,1425.0,49.573704740999716,11.028318395556862,0.5599999999999999
Grid_291,2175.0,1575.0,49.5750531022917,11.02837429684423,0.32
Grid_292,2175.0,1725.0,49.57640146322134,11.028430202332425,0.1
Grid_293,2175.0,1875.0,49.577749823788615,11.028486112021852,0.0
Grid_294,2175.0,2025.0,49.57909818399356,11.028542025912921,2.39
Grid_295,2175.0,2175.0,49.58044654383617,11.02859794400604,3.1
Grid_296,2175.0,2325.0,49.58179490331641,11.028653866301621,2.59
Grid_297,2175.0,2475.0,49.583143262434284,11.02870979280007,1.76
Grid_298,2175.0,2625.0,49.58449162118982,11.028765723501794,0.8099999999999999
Grid_299,2175.0,2775.0,49.585839979583,11.028821658407205,0.0
Grid_300,2175.0,2925.0,49.58718833761382,11.028877597516711,0.0
Grid_301,2325.0,75.0,49.56153311836374,11.029888380178035,0.0
Grid_302,2325.0,225.0,49.56288148119498,11.029944300686505,0.0
Grid_303,2325.0,375.0,49.564229843663796,11.030000225396401,0.36
Grid_304,2325.0,525.0,49.56557820577021,11.030056154308134,0.51
Grid_305,2325.0,675.0,49.56692656751419,11.030112087422111,0.5599999999999999
Grid_306,2325.0,825.0,49.56827492889574,11.030168024738739,0.0
Grid_307,2325.0,975.0,49.56962328991488,11.03022396625843,0.0
Grid_308,2325.0,1125.0,49.57097165057159,11.03027991198159,4.82
Grid_309,2325.0,1275.0,49.572320010865866,11.030335861908627,0.33
Grid_310,2325.0,1425.0,49.57366837079771,11.03039181603995,4.87
Grid_311,2325.0,1575.0,49.57501673036713,11.030447774375972,0.03
Grid_312,2325.0,1725.0,49.576365089574104,11.030503736917096,0.73
Grid_313,2325.0,1875.0,49.57771344841865,11.030559703663732,0.48
Grid_314,2325.0,2025.0,49.57906180690074,11.030615674616293,1.9300000000000002
Grid_315,2325.0,2175.0,49.5804101650204,11.030671649775183,3.26
Grid_316,2325.0,2325.0,49.581758522777605,11.030727629140815,2.83
Grid_317,2325.0,2475.0,49.58310688017236,11.030783612713595,1.9800000000000002
Grid_318,2325.0,2625.0,49.584455237204665,11.030839600493934,1.0999999999999999
Grid_319,2325.0,2775.0,49.58580359387452,11.03089559248224,0.0
Grid_320,2325.0,2925.0,49.58715195018193,11.030951588678926,0.0
Grid_321,2475.0,75.0,49.56149672655143,11.031961283214732,0.0
Grid_322,2475.0,225.0,49.562845087659205,11.032017260732953,0.0
Grid_323,2475.0,375.0,49.56419344840446,11.032073242456875,0.0
Grid_324,2475.0,525.0,49.56554180878721,11.032129228386909,0.19
Grid_325,2475.0,675.0,49.566890168807426,11.032185218523463,0.36
Grid_326,2475.0,825.0,49.56823852846514,11.032241212866944,0.04
Grid_327,2475.0,975.0,49.56958688776034,11.032297211417765,3.62
Grid_328,2475.0,1125.0,49.57093524669302,11.032353214176332,4.5
Grid_329,2475.0,1275.0,49.57228360526316,11.032409221143055,3.95
Grid_330,2475.0,1425.0,49.57363196347078,11.032465232318343,1.68
Grid_331,2475.0,1575.0,49.574980321315884,11.032521247702606,3.8899999999999997
Grid_332,2475.0,1725.0,49.57632867879845,11.03257726729625,2.34
Grid_333,2475.0,1875.0,49.57767703591846,11.03263329109969,2.4899999999999998
Grid_334,2475.0,2025.0,49.57902539267596,11.03268931911333,2.64
Grid_335,2475.0,2175.0,49.580373749070915,11.032745351337585,2.98
Grid_336,2475.0,2325.0,49.58172210510334,11.032801387772858,2.64
Grid_337,2475.0,2475.0,49.583070460773214,11.032857428419563,2.01
Grid_338,2475.0,2625.0,49.584418816080536,11.032913473278107,0.8200000000000001
Grid_339,2475.0,2775.0,49.58576717102532,11.0329695223489,0.0
Grid_340,2475.0,2925.0,49.58711552560756,11.033025575632355,0.0
