Run,Gen,Max_PDR,Avg_PDR
1,1,11.457446808510637,1.926595744680851
1,2,22.893617021276597,7.327659574468084
1,3,22.893617021276597,9.885106382978726
1,4,25.71276595744681,19.753191489361704
1,5,27.691489361702125,18.0086170212766
1,6,27.691489361702125,21.675212765957447
1,7,28.54255319148936,24.684042553191492
1,8,28.54255319148936,25.384042553191488
1,9,28.659574468085108,26.684042553191496
1,10,28.723404255319153,27.902127659574468
2,1,9.872340425531915,1.545744680851064
2,2,19.382978723404257,8.28617021276596
2,3,28.4468085106383,15.977659574468086
2,4,28.4468085106383,19.07425531914894
2,5,28.4468085106383,20.909574468085104
2,6,28.4468085106383,23.667659574468082
2,7,28.4468085106383,22.773404255319146
2,8,28.4468085106383,25.41234042553192
2,9,28.648936170212767,26.99574468085106
2,10,28.851063829787233,27.643617021276594
3,1,4.6063829787234045,1.3563829787234043
3,2,5.680851063829787,2.6936170212765957
3,3,5.680851063829787,3.4638297872340424
3,4,5.73404255319149,4.517021276595745
3,5,6.659574468085107,4.804255319148935
3,6,8.27659574468085,4.851063829787234
3,7,9.96808510638298,5.56595744680851
3,8,9.96808510638298,6.020106382978723
3,9,10.97872340425532,6.394680851063829
3,10,10.97872340425532,8.25531914893617
4,1,2.404255319148936,0.8085106382978722
4,2,8.351063829787234,1.9989361702127657
4,3,28.297872340425535,14.048617021276593
4,4,28.76595744680851,19.568085106382977
4,5,28.76595744680851,23.300851063829786
4,6,28.76595744680851,25.290425531914895
4,7,28.76595744680851,24.79340425531915
4,8,28.76595744680851,26.31170212765958
4,9,28.95744680851064,27.546808510638293
4,10,29.159574468085108,28.136489361702125
5,1,6.819148936170214,1.1361702127659574
5,2,14.914893617021278,5.532978723404254
5,3,18.904255319148934,6.779787234042553
5,4,26.45744680851064,12.55
5,5,28.48936170212766,18.414893617021278
5,6,28.840425531914892,22.992553191489357
5,7,28.840425531914892,25.327659574468083
5,8,28.95744680851064,25.751063829787235
5,9,28.95744680851064,26.342553191489362
5,10,28.95744680851064,27.92659574468085
6,1,19.76595744680851,2.124468085106383
6,2,19.77659574468085,5.260638297872341
6,3,26.989361702127663,12.014893617021276
6,4,28.404255319148934,22.703191489361704
6,5,28.404255319148934,22.231914893617024
6,6,28.404255319148934,23.446808510638295
6,7,28.404255319148934,22.371063829787232
6,8,28.404255319148934,25.00531914893617
6,9,28.414893617021274,27.115957446808512
6,10,28.936170212765955,26.77234042553191
7,1,7.691489361702128,3.510638297872341
7,2,13.819148936170214,6.8936170212765955
7,3,23.43617021276596,9.803191489361701
7,4,25.053191489361705,14.770212765957448
7,5,26.361702127659576,17.948936170212765
7,6,28.180851063829788,23.096808510638297
7,7,28.861702127659573,25.713829787234044
7,8,28.861702127659573,21.87340425531915
7,9,28.861702127659573,23.028723404255317
7,10,28.861702127659573,8.317765957446808
8,1,16.53191489361702,4.82659574468085
8,2,16.53191489361702,2.7989361702127655
8,3,16.53191489361702,1.875531914893617
8,4,16.53191489361702,1.851063829787234
8,5,16.53191489361702,2.152127659574468
8,6,16.53191489361702,2.3393617021276594
8,7,16.53191489361702,2.0468085106382974
8,8,25.85924713584288,4.26783960720131
8,9,25.85924713584288,2.585924713584288
8,10,25.85924713584288,2.7252864157119476
9,1,0.4361702127659574,0.07978723404255318
9,2,21.648936170212764,6.87872340425532
9,3,21.648936170212764,5.215957446808511
9,4,26.117021276595743,13.58404255319149
9,5,26.117021276595743,8.520212765957446
9,6,26.117021276595743,4.434042553191489
9,7,26.117021276595743,4.8446808510638295
9,8,26.765957446808507,7.422340425531914
9,9,26.765957446808507,4.580851063829786
9,10,26.765957446808507,5.043617021276594
10,1,9.638297872340425,1.925531914893617
10,2,23.106382978723406,6.261702127659576
10,3,25.643617021276594,15.742021276595745
10,4,26.351063829787236,16.807978723404254
10,5,26.351063829787236,13.40425531914894
10,6,27.180851063829785,11.70744680851064
10,7,27.180851063829785,20.653191489361703
10,8,27.20957446808511,22.095425531914895
10,9,27.20957446808511,25.344361702127657
10,10,27.72340425531915,26.58159574468085
11,1,9.638297872340425,2.751063829787234
11,2,22.04255319148936,5.781914893617021
11,3,26.638297872340427,12.68617021276596
11,4,26.978723404255316,14.94574468085106
11,5,26.978723404255316,18.857446808510637
11,6,27.851063829787233,24.827659574468086
11,7,27.851063829787233,26.03489361702127
11,8,28.797872340425535,26.738829787234046
11,9,29.021276595744684,26.58755319148936
11,10,29.021276595744684,26.27372340425532
12,1,2.6808510638297873,0.8691489361702128
12,2,13.72340425531915,3.1521276595744685
12,3,14.617021276595747,4.480851063829787
12,4,19.29787234042553,10.422340425531916
12,5,22.819148936170215,11.241489361702126
12,6,22.819148936170215,15.036170212765956
12,7,25.042553191489365,19.46595744680851
12,8,26.914893617021278,23.724468085106384
12,9,27.925531914893615,25.367021276595743
12,10,27.925531914893615,26.937234042553193
13,1,5.595744680851064,1.0021276595744681
13,2,7.829787234042553,3.2308510638297876
13,3,8.23404255319149,4.934042553191489
13,4,19.75531914893617,7.770957446808511
13,5,28.010638297872344,11.817021276595742
13,6,28.010638297872344,16.59255319148936
13,7,28.010638297872344,20.23723404255319
13,8,28.414893617021274,22.48510638297872
13,9,28.680851063829788,23.186595744680854
13,10,28.881914893617022,27.54659574468085
14,1,20.382978723404253,4.488297872340425
14,2,23.159574468085108,8.738297872340425
14,3,23.159574468085108,13.480851063829785
14,4,27.127659574468083,20.21595744680851
14,5,27.22340425531915,22.069042553191487
14,6,27.22340425531915,22.685106382978724
14,7,28.9468085106383,26.431914893617023
14,8,28.9468085106383,23.77106382978723
14,9,28.9468085106383,26.51595744680851
14,10,29.138297872340424,26.634042553191485
15,1,4.74468085106383,1.420212765957447
15,2,26.30851063829787,8.476595744680852
15,3,26.563829787234045,18.854148936170212
15,4,26.563829787234045,21.111702127659573
15,5,26.563829787234045,19.821276595744685
15,6,26.563829787234045,19.365744680851066
15,7,28.627659574468083,24.661702127659574
15,8,28.829787234042552,26.12968085106383
15,9,28.829787234042552,24.56329787234042
15,10,28.829787234042552,27.340425531914896
16,1,10.840425531914894,2.19468085106383
16,2,22.425531914893618,7.39255319148936
16,3,23.382978723404253,13.746808510638294
16,4,25.168085106382982,17.99127659574468
16,5,26.819148936170212,22.53063829787234
16,6,28.585106382978726,23.042553191489365
16,7,28.585106382978726,24.301063829787235
16,8,28.585106382978726,26.655319148936172
16,9,28.617021276595743,26.2968085106383
16,10,29.03191489361702,27.57659574468085
17,1,2.734042553191489,0.7106382978723405
17,2,14.414893617021276,4.846808510638297
17,3,24.085106382978726,8.83404255319149
17,4,27.670212765957448,16.359574468085107
17,5,28.77659574468085,22.244680851063833
17,6,28.77659574468085,22.78723404255319
17,7,28.77659574468085,24.484042553191493
17,8,28.77659574468085,26.50457446808511
17,9,28.819148936170215,26.47659574468085
17,10,28.96808510638298,28.47978723404255
18,1,5.319148936170213,2.0361702127659576
18,2,18.340425531914896,5.794680851063831
18,3,18.340425531914896,5.39468085106383
18,4,19.76595744680851,9.845744680851064
18,5,27.80851063829787,14.460531914893616
18,6,27.80851063829787,14.548829787234045
18,7,27.97872340425532,19.49340425531915
18,8,27.97872340425532,19.40531914893617
18,9,27.97872340425532,15.864893617021277
18,10,29.19148936170213,22.983510638297872
19,1,20.51063829787234,3.373404255319149
19,2,20.851063829787233,8.274468085106385
19,3,22.861702127659576,9.588297872340426
19,4,26.085106382978722,18.348936170212763
19,5,28.574468085106382,23.32234042553192
19,6,28.574468085106382,25.769148936170218
19,7,28.574468085106382,23.16382978723404
19,8,28.574468085106382,25.60776595744681
19,9,28.839361702127658,26.5381914893617
19,10,29.010638297872344,27.67010638297872
20,1,2.8085106382978724,0.6840425531914893
20,2,3.9361702127659575,1.7946808510638295
20,3,3.9787234042553195,2.2914893617021277
20,4,3.9787234042553195,3.0393617021276595
20,5,4.117021276595745,3.0106382978723407
20,6,4.617021276595745,2.9904255319148936
20,7,4.617021276595745,2.552127659574468
20,8,4.670212765957447,3.7148936170212763
20,9,4.670212765957447,3.811702127659575
20,10,4.872340425531915,4.4904255319148945
21,1,11.638297872340425,2.176595744680851
21,2,16.54255319148936,4.448936170212766
21,3,24.48936170212766,6.794680851063829
21,4,25.21276595744681,14.4
21,5,27.478723404255316,21.80212765957447
21,6,27.478723404255316,23.61595744680851
21,7,28.010638297872344,26.5968085106383
21,8,28.010638297872344,25.905319148936172
21,9,28.010638297872344,25.405319148936172
21,10,28.999999999999996,27.207446808510646
22,1,4.691489361702128,2.001063829787234
22,2,4.691489361702128,2.4063829787234043
22,3,7.085106382978723,3.488297872340425
22,4,11.053191489361701,5.86595744680851
22,5,13.946808510638299,6.744680851063831
22,6,13.946808510638299,5.041489361702128
22,7,13.946808510638299,5.203191489361702
22,8,13.946808510638299,7.267021276595744
22,9,13.946808510638299,7.530851063829789
22,10,13.946808510638299,7.686170212765958
23,1,3.095744680851064,0.6627659574468086
23,2,3.361702127659574,2.5265957446808507
23,3,3.361702127659574,2.411702127659574
23,4,3.361702127659574,3.0074468085106387
23,5,3.553191489361702,3.2542553191489363
23,6,3.553191489361702,3.045744680851063
23,7,3.553191489361702,3.154255319148936
23,8,3.553191489361702,3.1702127659574466
23,9,3.553191489361702,3.395744680851064
23,10,3.553191489361702,3.469148936170213
24,1,7.053191489361701,1.324468085106383
24,2,18.0531914893617,5.3999999999999995
24,3,18.0531914893617,3.738297872340425
24,4,18.0531914893617,4.9244680851063825
24,5,22.393617021276597,8.914893617021278
24,6,22.393617021276597,10.637234042553192
24,7,22.393617021276597,9.413829787234043
24,8,22.393617021276597,16.140425531914893
24,9,22.393617021276597,13.536170212765958
24,10,22.393617021276597,14.722340425531916
25,1,5.24468085106383,1.1117021276595742
25,2,12.717021276595744,3.0046808510638296
25,3,12.717021276595744,5.632340425531916
25,4,13.386170212765958,7.960319148936169
25,5,13.386170212765958,7.792872340425532
25,6,13.808510638297872,7.485425531914894
25,7,20.56382978723404,10.544680851063829
25,8,21.06382978723404,15.80308510638298
25,9,28.25531914893617,20.938297872340424
25,10,28.25531914893617,20.72765957446809
26,1,5.329787234042553,1.2053191489361699
26,2,13.946808510638299,3.675531914893617
26,3,13.946808510638299,3.732978723404256
26,4,14.98936170212766,7.663085106382981
26,5,16.425531914893618,10.053191489361703
26,6,17.340425531914892,11.204255319148938
26,7,22.893617021276597,16.630851063829788
26,8,24.70212765957447,19.806382978723406
26,9,24.70212765957447,21.863829787234042
26,10,25.9468085106383,24.575531914893617
27,1,10.329787234042554,3.0617021276595744
27,2,21.73404255319149,4.742553191489361
27,3,27.080851063829787,10.66340425531915
27,4,27.080851063829787,13.954893617021279
27,5,27.080851063829787,16.869787234042555
27,6,27.080851063829787,20.850638297872344
27,7,27.080851063829787,17.528297872340428
27,8,27.170212765957448,22.42723404255319
27,9,28.606382978723406,22.082978723404256
27,10,29.04255319148936,26.503191489361704
28,1,7.48936170212766,1.1329787234042554
28,2,7.48936170212766,3.145744680851064
28,3,25.47872340425532,7.139361702127661
28,4,25.47872340425532,12.301063829787235
28,5,25.47872340425532,12.913829787234041
28,6,27.585106382978726,16.335957446808514
28,7,29.138297872340424,23.413829787234043
28,8,29.138297872340424,26.44382978723404
28,9,29.138297872340424,26.892553191489363
28,10,29.138297872340424,26.42978723404255
29,1,8.446808510638299,1.602127659574468
29,2,26.829787234042552,8.696808510638297
29,3,26.829787234042552,4.1797872340425535
29,4,26.829787234042552,7.585106382978722
29,5,26.829787234042552,14.552127659574467
29,6,26.829787234042552,11.58936170212766
29,7,26.829787234042552,15.950531914893617
29,8,26.829787234042552,17.581702127659575
29,9,26.829787234042552,17.19776595744681
29,10,26.829787234042552,22.54255319148936
30,1,4.8936170212765955,0.9351063829787234
30,2,9.702127659574469,3.5085106382978735
30,3,27.393617021276594,12.027659574468085
30,4,28.138297872340424,21.664893617021274
30,5,28.138297872340424,18.138617021276595
30,6,28.138297872340424,19.337978723404255
30,7,28.138297872340424,24.22446808510638
30,8,28.138297872340424,25.727659574468085
30,9,28.840425531914892,24.995744680851065
30,10,28.9468085106383,26.380851063829788
