AgentID,Step,Temp,StepLimit,X,Y,Lat,Lon,PDR,Accepted,IsBest
Agent_1,1,10.0,150.0,2087.808155305187,2120.882739390906,49.57998120908456,11.027372377788499,3.021276595744681,True,True
Agent_1,2,10.0,150.0,2136.4837725037764,2107.4722298619267,49.57984886729846,11.02804030042245,2.9893617021276597,True,False
Agent_1,3,10.0,150.0,2240.849006115157,2180.056310661592,49.58047602982621,11.02951017346231,3.393617021276596,True,True
Agent_1,4,10.0,150.0,2144.594636102427,2106.6202339170695,49.579839243065535,11.028152111948046,3.0,True,False
Agent_1,5,10.0,150.0,2002.3925784225141,2073.6801926456214,49.57957758788142,11.026173965259495,3.0531914893617023,True,False
Agent_1,6,10.0,150.0,1942.5540819347707,2130.91832378264,49.58010659069979,11.025368031894644,3.0106382978723407,True,False
Agent_1,7,10.0,150.0,1847.5116341464916,2043.3166359314098,49.579342125379874,11.024021518585894,3.1063829787234045,True,False
Agent_1,8,10.0,150.0,1754.0642762781747,1993.9499018269112,49.578920956056805,11.022711309958346,2.8191489361702127,True,False
Agent_1,9,10.0,150.0,1760.072982630455,2036.9402123773364,49.57930594790825,11.022810356667588,2.872340425531915,True,False
Agent_1,10,10.0,150.0,1790.694375190869,2053.7223828283827,49.57944940228941,11.023239920030505,2.851063829787234,True,False
Agent_1,11,3.981,62.71577157715771,1783.7231641254755,2092.9755995177184,49.57980393852762,11.0231581405863,2.797872340425532,True,False
Agent_1,12,3.981,62.71577157715771,1774.7177441633378,2102.5435728936714,49.579892122951236,11.023037201494429,2.797872340425532,True,False
Agent_1,13,3.981,62.71577157715771,1812.1829471031606,2086.791305799404,49.57974146652263,11.023549285449992,2.851063829787234,True,False
Agent_1,14,3.981,62.71577157715771,1803.8757256403164,2079.9950315733154,49.57968238277009,11.023431914589887,2.851063829787234,True,False
Agent_1,15,3.981,62.71577157715771,1816.1948032028026,2100.356209220473,49.57986243263848,11.023609792069067,2.872340425531915,True,False
Agent_1,16,3.981,62.71577157715771,1856.2459510240337,2097.715958509218,49.57982901334435,11.024162500770785,3.0531914893617023,True,False
Agent_1,17,3.981,62.71577157715771,1816.0293906404202,2082.678076434181,49.57970356225272,11.023600931246964,2.8617021276595747,True,False
Agent_1,18,3.981,62.71577157715771,1818.365653697293,2068.504404007951,49.57957558887129,11.023627958156476,2.925531914893617,True,False
Agent_1,19,3.981,62.71577157715771,1837.7484973394346,2072.4676516472127,49.579606527691155,11.023897390581556,3.0744680851063833,True,False
Agent_1,20,3.981,62.71577157715771,1836.2765946899985,2085.617482508911,49.57972508868764,11.023881932972206,3.021276595744681,True,False
Agent_1,21,1.5848361,27.967920242024203,1842.5530063337737,2079.4480215104422,49.57966811294582,11.02396640689587,3.0851063829787235,True,False
Agent_1,22,1.5848361,27.967920242024203,1836.3588004442083,2070.2792663835926,49.579587192173605,11.023877364775123,3.0744680851063833,True,False
Agent_1,23,1.5848361,27.967920242024203,1829.196870862322,2072.173312878364,49.57960594989403,11.023779058960272,2.9574468085106385,True,False
Agent_1,24,1.5848361,27.967920242024203,1822.3880663785715,2069.4095783332573,49.579582752914966,11.023683902684404,2.925531914893617,True,False
Agent_1,25,1.5848361,27.967920242024203,1831.3344532836868,2062.7207794576466,49.57952046327702,11.023805094529068,2.9680851063829787,True,False
Agent_1,26,1.5848361,27.967920242024203,1836.6791248529694,2090.103102230129,49.579765312988194,11.023889166095667,3.0106382978723407,True,False
Agent_1,27,1.5848361,27.967920242024203,1834.1411308672123,2089.9510077326076,49.57976455957184,11.023854022860217,2.9893617021276597,True,False
Agent_1,28,1.5848361,27.967920242024203,1847.6870022752523,2101.1069181094936,49.57986156507736,11.024045438161302,3.0319148936170213,True,False
Agent_1,29,1.5848361,27.967920242024203,1850.7724247738197,2089.7102557759463,49.57975837321325,11.024083853720809,3.0744680851063833,True,False
Agent_1,30,1.5848361,27.967920242024203,1850.7724247738197,2089.7102557759463,49.57975837321325,11.024083853720809,3.0744680851063833,False,False
Agent_1,31,0.63092325141,14.134800625507552,1837.275447056294,2087.21332803186,49.57973919233023,11.02389633520215,3.0319148936170213,True,False
Agent_1,32,0.63092325141,14.134800625507552,1847.4362115278004,2087.9475731090656,49.57974333518612,11.024037076390952,3.0851063829787235,True,False
Agent_1,33,0.63092325141,14.134800625507552,1844.2785484865567,2081.045632302868,49.579682056697564,11.023990855943085,3.095744680851064,True,False
Agent_1,34,0.63092325141,14.134800625507552,1843.322560482349,2090.0549209089722,49.57976327321822,11.023980990791296,3.0638297872340425,True,False
Agent_1,35,0.63092325141,14.134800625507552,1843.322560482349,2090.0549209089722,49.57976327321822,11.023980990791296,3.0638297872340425,False,False
Agent_1,36,0.63092325141,14.134800625507552,1845.9691551961134,2087.436542417353,49.57973909629699,11.024016604905155,3.095744680851064,True,False
Agent_1,37,0.63092325141,14.134800625507552,1843.443963606821,2087.4272429610683,49.57973962342056,11.023981691786998,3.0744680851063833,True,False
Agent_1,38,0.63092325141,14.134800625507552,1846.3417008021665,2084.361545017802,49.57971136476465,11.024020611435015,3.095744680851064,True,False
Agent_1,39,0.63092325141,14.134800625507552,1840.811306888044,2077.7655788670572,49.579653410534924,11.023941702943514,3.0744680851063833,True,False
Agent_1,40,0.63092325141,14.134800625507552,1841.409995975721,2070.165106717624,49.579584944406164,11.02394715264973,3.095744680851064,True,False
Agent_1,41,0.251170546386321,8.627835706172272,1842.2285946314094,2065.6631203017014,49.579544277665015,11.023956794922762,3.095744680851064,True,False
Agent_1,42,0.251170546386321,8.627835706172272,1842.1531001161134,2065.813249368696,49.57954564544686,11.02395580708705,3.095744680851064,True,False
Agent_1,43,0.251170546386321,8.627835706172272,1847.344180688879,2060.859452526762,49.57949985986111,11.024025728638367,3.1063829787234045,True,False
Agent_1,44,0.251170546386321,8.627835706172272,1847.1674834917676,2061.326942605525,49.57950410490669,11.024023459771856,3.1063829787234045,True,False
Agent_1,45,0.251170546386321,8.627835706172272,1847.8658120323985,2061.0851492403312,49.579501762511555,11.024033023873999,3.1063829787234045,True,False
Agent_1,46,0.251170546386321,8.627835706172272,1853.817356540816,2063.8498485560613,49.57952517521623,11.024116329318936,3.1063829787234045,True,False
Agent_1,47,0.251170546386321,8.627835706172272,1856.6545179588115,2066.81057707354,49.57955110326157,11.024156652960412,3.1063829787234045,True,False
Agent_1,48,0.251170546386321,8.627835706172272,1855.9434786951267,2074.304127476312,49.57961863544142,11.02414961059042,3.1063829787234045,True,False
Agent_1,49,0.251170546386321,8.627835706172272,1857.0496299056226,2078.823690300702,49.57965899465687,11.02416658377465,3.1063829787234045,True,False
Agent_1,50,0.251170546386321,8.627835706172272,1857.0496299056226,2078.823690300702,49.57965899465687,11.02416658377465,3.1063829787234045,False,False
Agent_1,51,0.0999909945163944,6.435512971784897,1855.3906817466498,2076.54401917379,49.57963890373381,11.024142801613303,3.0851063829787235,True,False
Agent_1,52,0.0999909945163944,6.435512971784897,1856.4385347916364,2077.5405347410388,49.57964760806065,11.02415765836699,3.095744680851064,True,False
Agent_1,53,0.0999909945163944,6.435512971784897,1854.448455898747,2080.7613886412655,49.579677041941764,11.024131344520795,3.095744680851064,True,False
Agent_1,54,0.0999909945163944,6.435512971784897,1854.5334530383825,2081.210289534214,49.5796810565946,11.024132686545236,3.095744680851064,True,False
Agent_1,55,0.0999909945163944,6.435512971784897,1855.3021705855658,2086.9862019129087,49.57973279086581,11.024145462198687,3.095744680851064,True,False
Agent_1,56,0.0999909945163944,6.435512971784897,1856.684544619063,2087.6458165811277,49.57973838584888,11.024164818267005,3.0851063829787235,True,False
Agent_1,57,0.0999909945163944,6.435512971784897,1856.684544619063,2087.6458165811277,49.57973838584888,11.024164818267005,3.0851063829787235,False,False
Agent_1,58,0.0999909945163944,6.435512971784897,1853.9407163611577,2086.3326358637564,49.57972724519126,11.024126397591662,3.0851063829787235,True,False
Agent_1,59,0.0999909945163944,6.435512971784897,1854.3738376770675,2085.186348166368,49.57971683635053,11.02413195891445,3.095744680851064,True,False
Agent_1,60,0.0999909945163944,6.435512971784897,1856.6491039936434,2086.773306266033,49.57973055134699,11.024164003761877,3.095744680851064,True,False
Agent_1,61,0.03980641491697661,5.562749291225283,1852.6801771721773,2087.6076011338178,49.57973901084844,11.02410944544471,3.0851063829787235,True,False
Agent_1,62,0.03980641491697661,5.562749291225283,1853.2249436713391,2087.5532211775026,49.579738390262975,11.024116956372888,3.0851063829787235,True,False
Agent_1,63,0.03980641491697661,5.562749291225283,1850.674340467044,2091.611526760187,49.579775487632986,11.024083204950491,3.0638297872340425,True,False
Agent_1,64,0.03980641491697661,5.562749291225283,1851.5899579646607,2093.9330107904198,49.579796134210966,11.024096726479293,3.0638297872340425,True,False
Agent_1,65,0.03980641491697661,5.562749291225283,1851.5899579646607,2093.9330107904198,49.579796134210966,11.024096726479293,3.0638297872340425,False,False
Agent_1,66,0.03980641491697661,5.562749291225283,1847.1011298528088,2095.6088981760863,49.57981228457381,11.02403529369575,3.042553191489362,True,False
Agent_1,67,0.03980641491697661,5.562749291225283,1852.3814368071417,2097.3461797376044,49.57982662406607,11.02410893792734,3.042553191489362,True,False
Agent_1,68,0.03980641491697661,5.562749291225283,1857.437117280548,2096.3486719325974,49.579816434574155,11.024178459541904,3.042553191489362,True,False
Agent_1,69,0.03980641491697661,5.562749291225283,1858.793090470059,2098.6852159662753,49.57983711000553,11.024198074459024,3.0531914893617023,True,False
Agent_1,70,0.03980641491697661,5.562749291225283,1859.2968643708134,2100.8584777758497,49.579856523801,11.024205847348023,3.0744680851063833,True,False
Agent_1,71,0.01584693377844839,5.215302069994501,1861.140700446205,2101.5702782110234,49.57986247625829,11.02423160240916,3.0744680851063833,True,False
Agent_1,72,0.01584693377844839,5.215302069994501,1860.7506823207439,2105.640801092902,49.579899160889845,11.024227724765508,3.0851063829787235,True,False
Agent_1,73,0.01584693377844839,5.215302069994501,1860.7506823207439,2105.640801092902,49.579899160889845,11.024227724765508,3.0851063829787235,False,False
Agent_1,74,0.01584693377844839,5.215302069994501,1863.6479833543128,2105.557451472109,49.579897710853146,11.024267747792015,3.0851063829787235,True,False
Agent_1,75,0.01584693377844839,5.215302069994501,1864.519396058222,2106.836181879247,49.579908994694804,11.024280270413929,3.0851063829787235,True,False
Agent_1,76,0.01584693377844839,5.215302069994501,1862.0344700878352,2105.4867017211473,49.579897465155796,11.02424541529597,3.0851063829787235,True,False
Agent_1,77,0.01584693377844839,5.215302069994501,1864.8867110665556,2106.5576239895445,49.579906401865344,11.024285244774424,3.0851063829787235,True,False
Agent_1,78,0.01584693377844839,5.215302069994501,1865.3805983221712,2105.9017172575764,49.579900386397284,11.024291828570457,3.0851063829787235,True,False
Agent_1,79,0.01584693377844839,5.215302069994501,1866.2295291167302,2106.3691954563315,49.579904383255936,11.024303738604825,3.0851063829787235,True,False
Agent_1,80,0.01584693377844839,5.215302069994501,1865.67409758189,2105.2754912016394,49.579894686202174,11.024295653122334,3.0851063829787235,True,False
Agent_1,81,0.006308664337200304,5.076983331222527,1866.6387000392867,2104.4804313663476,49.579887306014044,11.024308692598275,3.0851063829787235,True,False
Agent_1,82,0.006308664337200304,5.076983331222527,1866.6387000392867,2104.4804313663476,49.579887306014044,11.024308692598275,3.0851063829787235,False,False
Agent_1,83,0.006308664337200304,5.076983331222527,1866.6387000392867,2104.4804313663476,49.579887306014044,11.024308692598275,3.0851063829787235,False,False
Agent_1,84,0.006308664337200304,5.076983331222527,1866.6387000392867,2104.4804313663476,49.579887306014044,11.024308692598275,3.0851063829787235,False,False
Agent_1,85,0.006308664337200304,5.076983331222527,1866.6387000392867,2104.4804313663476,49.579887306014044,11.024308692598275,3.0851063829787235,False,False
Agent_1,86,0.006308664337200304,5.076983331222527,1866.6430145593222,2104.112156455756,49.57988399451442,11.0243086152443,3.0851063829787235,True,False
Agent_1,87,0.006308664337200304,5.076983331222527,1871.6999411673155,2104.063046923173,49.579882329836884,11.024378506944041,3.0851063829787235,True,False
Agent_1,88,0.006308664337200304,5.076983331222527,1872.0088711809155,2105.373544502964,49.57989403528696,11.024383265307515,3.0851063829787235,True,False
Agent_1,89,0.006308664337200304,5.076983331222527,1872.0088711809155,2105.373544502964,49.57989403528696,11.024383265307515,3.0851063829787235,False,False
Agent_1,90,0.006308664337200304,5.076983331222527,1872.0088711809155,2105.373544502964,49.57989403528696,11.024383265307515,3.0851063829787235,False,False
Agent_1,91,0.0025114792726394415,5.021918641317404,1872.0088711809155,2105.373544502964,49.57989403528696,11.024383265307515,3.0851063829787235,False,False
Agent_1,92,0.0025114792726394415,5.021918641317404,1876.1073454790821,2105.575163444021,49.579894856237885,11.024440000078288,3.0851063829787235,True,False
Agent_1,93,0.0025114792726394415,5.021918641317404,1876.1073454790821,2105.575163444021,49.579894856237885,11.024440000078288,3.0851063829787235,False,False
Agent_1,94,0.0025114792726394415,5.021918641317404,1876.1073454790821,2105.575163444021,49.579894856237885,11.024440000078288,3.0851063829787235,False,False
Agent_1,95,0.0025114792726394415,5.021918641317404,1876.1073454790821,2105.575163444021,49.579894856237885,11.024440000078288,3.0851063829787235,False,False
Agent_1,96,0.0025114792726394415,5.021918641317404,1876.1073454790821,2105.575163444021,49.579894856237885,11.024440000078288,3.0851063829787235,False,False
Agent_1,97,0.0025114792726394415,5.021918641317404,1871.5726172696147,2105.902486777447,49.579898895524046,11.024377431048528,3.0851063829787235,True,False
Agent_1,98,0.0025114792726394415,5.021918641317404,1871.5726172696147,2105.902486777447,49.579898895524046,11.024377431048528,3.0851063829787235,False,False
Agent_1,99,0.0025114792726394415,5.021918641317404,1875.4441543126502,2105.9887520097154,49.5798987344497,11.024430985593206,3.0851063829787235,True,False
Agent_1,100,0.0025114792726394415,5.021918641317404,1875.4441543126502,2105.9887520097154,49.5798987344497,11.024430985593206,3.0851063829787235,False,False
Agent_2,1,10.0,150.0,1232.6845970654886,89.42224594257098,49.561926652239485,11.01479849755583,0.0,True,True
Agent_2,2,10.0,150.0,1112.5965139408822,54.04992125398417,49.561637575928316,11.013125848322561,0.0,True,True
Agent_2,3,10.0,150.0,1124.0175289512288,69.38007209466585,49.5617726346763,11.013289349713855,0.0,True,True
Agent_2,4,10.0,150.0,1220.1778293291875,0.0,49.56112583043329,11.014592574083402,0.0,True,True
Agent_2,5,10.0,150.0,1245.5454241696577,0.0,49.561119724925156,11.01494313853429,0.0,True,True
Agent_2,6,10.0,150.0,1338.9926930116455,70.43215416047401,49.561730350837614,11.016260600770156,0.0,True,True
Agent_2,7,10.0,150.0,1261.5421400937196,122.09333718811314,49.56221339179893,11.015209388980644,0.0,True,True
Agent_2,8,10.0,150.0,1378.848618595306,66.78594324194154,49.561687973387954,11.016810040637234,0.0,True,True
Agent_2,9,10.0,150.0,1428.114746644783,0.0,49.56107575257949,11.017466129988994,0.0,True,True
Agent_2,10,10.0,150.0,1423.913380265552,0.0,49.561076765108645,11.017408069857971,0.0,True,True
Agent_2,11,3.981,62.71577157715771,1441.3812641064744,0.0,49.56107255515817,11.017649464547853,0.0,True,True
Agent_2,12,3.981,62.71577157715771,1436.1766626157748,49.105758503431225,49.56151522887081,11.017595735434721,0.0,True,True
Agent_2,13,3.981,62.71577157715771,1473.5686719611554,10.358197658662078,49.56115790774606,11.018098112196508,0.0,True,True
Agent_2,14,3.981,62.71577157715771,1485.2971883598655,0.0,49.561061968718526,11.018256353547283,0.0,True,True
Agent_2,15,3.981,62.71577157715771,1489.3092054042477,0.0,49.56106100141701,11.018311796948904,0.0,True,True
Agent_2,16,3.981,62.71577157715771,1496.51000040468,19.28681982526266,49.56123263736787,11.018418456330496,0.0,True,True
Agent_2,17,3.981,62.71577157715771,1513.6380717001668,15.671148469051548,49.56119600543398,11.018653815228468,0.0,True,True
Agent_2,18,3.981,62.71577157715771,1463.9295660808002,51.94019083545014,49.56153401836359,11.017980316158226,0.0,True,True
Agent_2,19,3.981,62.71577157715771,1470.6424928218282,49.24506380950852,49.56150817315752,11.01807208637177,0.0,True,True
Agent_2,20,3.981,62.71577157715771,1496.8355887754653,103.6324301228207,49.56199075422161,11.018454221710117,0.0,True,True
Agent_2,21,1.5848361,27.967920242024203,1506.2775728044603,111.28519920918521,49.562057269332456,11.018587543132922,0.0,True,True
Agent_2,22,1.5848361,27.967920242024203,1499.6737133189986,126.90060020926418,49.56219923092358,11.018502069082675,0.0,True,True
Agent_2,23,1.5848361,27.967920242024203,1487.56435987154,137.5500328862743,49.56229788008969,11.018338669521528,0.0,True,True
Agent_2,24,1.5848361,27.967920242024203,1487.5522471275165,137.5043085319127,49.56229747198715,11.018338485178194,0.0,True,True
Agent_2,25,1.5848361,27.967920242024203,1468.0156762045426,132.6902186358351,49.56225890759065,11.018066711705464,0.0,True,True
Agent_2,26,1.5848361,27.967920242024203,1463.1435732384716,123.74439599223082,49.56217966677777,11.017996065370967,0.0,True,True
Agent_2,27,1.5848361,27.967920242024203,1458.404551958841,115.81804405112669,49.56210955801423,11.017927636224446,0.0,True,True
Agent_2,28,1.5848361,27.967920242024203,1470.0326852762712,99.38622686069152,49.561959046705354,11.01808224262821,0.0,True,True
Agent_2,29,1.5848361,27.967920242024203,1465.8757774650082,110.0248322116245,49.562055680877954,11.018028738730832,0.0,True,True
Agent_2,30,1.5848361,27.967920242024203,1464.8685109144217,113.43933600884048,49.562086617195995,11.0180160841662,0.0,True,True
Agent_2,31,0.63092325141,14.134800625507552,1473.7779922685706,109.93535115107683,49.56205297144851,11.01813791113615,0.0,True,True
Agent_2,32,0.63092325141,14.134800625507552,1470.5962379825646,107.11191004972778,49.562028358180484,11.018092894063116,0.0,True,True
Agent_2,33,0.63092325141,14.134800625507552,1474.6516929757495,107.12225389271674,49.562027473453526,11.018148942693776,0.0,True,True
Agent_2,34,0.63092325141,14.134800625507552,1466.5418077385445,102.66481656567333,49.56198936001725,11.018035215243856,0.0,True,True
Agent_2,35,0.63092325141,14.134800625507552,1463.7184692685728,103.73856957396518,49.561999692774975,11.017996595787992,0.0,True,True
Agent_2,36,0.63092325141,14.134800625507552,1472.8700636390945,97.19273296244316,49.56193864501437,11.018120641044165,0.0,True,True
Agent_2,37,0.63092325141,14.134800625507552,1479.1460271263918,100.89345315564444,49.56197039827586,11.018208743909906,0.0,True,True
Agent_2,38,0.63092325141,14.134800625507552,1473.245533712597,110.84376186150666,49.56206126565839,11.018130889455483,0.0,True,True
Agent_2,39,0.63092325141,14.134800625507552,1471.7649548353797,108.034828742321,49.56203637267899,11.018109387336423,0.0,True,True
Agent_2,40,0.63092325141,14.134800625507552,1475.1850795272553,108.56387269664482,49.56204030378927,11.018156848211303,0.0,True,True
Agent_2,41,0.251170546386321,8.627835706172272,1475.5535760755515,108.05491885631342,49.562035639885615,11.018161752049856,0.0,True,True
Agent_2,42,0.251170546386321,8.627835706172272,1474.4034089894592,106.83372788636368,49.56202493970796,11.018145404567262,0.0,True,True
Agent_2,43,0.251170546386321,8.627835706172272,1472.2996649162544,106.90808260690149,49.5620261152774,11.01811635920981,0.0,True,True
Agent_2,44,0.251170546386321,8.627835706172272,1478.7749313297963,107.13376650598873,49.562026582863446,11.018205928494176,0.0,True,True
Agent_2,45,0.251170546386321,8.627835706172272,1481.6507265362707,109.41075953937082,49.562046357749665,11.018246514839063,0.0,True,True
Agent_2,46,0.251170546386321,8.627835706172272,1485.964627688052,108.24417638125009,49.56203483106122,11.018305698859434,0.0,True,True
Agent_2,47,0.251170546386321,8.627835706172272,1486.0014974959772,115.56339014637712,49.56210061568356,11.018308921401916,0.0,True,True
Agent_2,48,0.251170546386321,8.627835706172272,1487.830044368472,110.10160033969557,49.56205107795596,11.018332166686273,0.0,True,True
Agent_2,49,0.251170546386321,8.627835706172272,1481.0637634264156,105.47507493680047,49.5620111208044,11.018236944447276,0.0,True,True
Agent_2,50,0.251170546386321,8.627835706172272,1476.3487126216505,101.44023031743812,49.56197598775125,11.01817028882741,0.0,True,True
Agent_2,51,0.0999909945163944,6.435512971784897,1478.0583361206493,98.3566099841612,49.56194785644569,11.018192772189385,0.0,True,True
Agent_2,52,0.0999909945163944,6.435512971784897,1477.936592780963,95.3042634002436,49.56192044779265,11.018189958403283,0.0,True,True
Agent_2,53,0.0999909945163944,6.435512971784897,1478.0077602962897,99.40732469507913,49.5619573136724,11.018192462697572,0.0,True,True
Agent_2,54,0.0999909945163944,6.435512971784897,1474.0103795518996,98.86913559940639,49.56195343953765,11.018137021071484,0.0,True,True
Agent_2,55,0.0999909945163944,6.435512971784897,1475.6355441588464,99.72939834843919,49.5619607807619,11.01815979902346,0.0,True,True
Agent_2,56,0.0999909945163944,6.435512971784897,1474.161210803132,102.87741456593012,49.56198943420024,11.01814059111907,0.0,True,True
Agent_2,57,0.0999909945163944,6.435512971784897,1474.68580387974,107.3124196971544,49.56202917465893,11.018149484576298,0.0,True,True
Agent_2,58,0.0999909945163944,6.435512971784897,1477.0981955107723,108.34250614902568,49.56203785265709,11.018183204680456,0.0,True,True
Agent_2,59,0.0999909945163944,6.435512971784897,1475.9491917557823,109.01450220884315,49.562044170346205,11.018167574968189,0.0,True,True
Agent_2,60,0.0999909945163944,6.435512971784897,1479.0559183008788,106.89856072621251,49.56202440081856,11.018209724444079,0.0,True,True
Agent_2,61,0.03980641491697661,5.562749291225283,1481.702639649656,103.56204539457144,49.561993770261026,11.01824506438228,0.0,True,True
Agent_2,62,0.03980641491697661,5.562749291225283,1483.6580430948864,103.63451879148695,49.561993950284986,11.018272114132635,0.0,True,True
Agent_2,63,0.03980641491697661,5.562749291225283,1486.8676932826565,99.41227826344465,49.5619552220657,11.018314905142194,0.0,True,True
Agent_2,64,0.03980641491697661,5.562749291225283,1486.820273555386,96.37465125147756,49.561927927812995,11.018313123864278,0.0,True,True
Agent_2,65,0.03980641491697661,5.562749291225283,1487.0449293862264,97.57438609989286,49.56193865824369,11.018316673219097,0.0,True,True
Agent_2,66,0.03980641491697661,5.562749291225283,1488.8837266783016,97.91349219205874,49.56194126316767,11.01834221032472,0.0,True,True
Agent_2,67,0.03980641491697661,5.562749291225283,1488.1266046176536,98.43279780066902,49.561946113833876,11.018331939707496,0.0,True,True
Agent_2,68,0.03980641491697661,5.562749291225283,1490.5334817756618,100.92049633528823,49.56196789580262,11.018366123884292,0.0,True,True
Agent_2,69,0.03980641491697661,5.562749291225283,1488.0646264665068,102.85999631638312,49.56198592552997,11.018332724240818,0.0,True,True
Agent_2,70,0.03980641491697661,5.562749291225283,1487.5935790637498,102.27013927843349,49.56198073679056,11.018325995913012,0.0,True,True
Agent_2,71,0.01584693377844839,5.215302069994501,1489.4728563862004,102.8844713890321,49.56198580599994,11.018352194478743,0.0,True,True
Agent_2,72,0.01584693377844839,5.215302069994501,1487.6295924158142,106.40066511742694,49.562017858024596,11.018328024677933,0.0,True,True
Agent_2,73,0.01584693377844839,5.215302069994501,1487.684380930558,102.0622746128277,49.56197884637067,11.018327173708018,0.0,True,True
Agent_2,74,0.01584693377844839,5.215302069994501,1487.7723768731541,102.11203243574433,49.56197927243456,11.018328408219935,0.0,True,True
Agent_2,75,0.01584693377844839,5.215302069994501,1489.5975254721036,102.11097543630203,49.56197882286945,11.018353630637083,0.0,True,True
Agent_2,76,0.01584693377844839,5.215302069994501,1490.2603014189942,98.77712013099335,49.56194869453981,11.0183615541396,0.0,True,True
Agent_2,77,0.01584693377844839,5.215302069994501,1491.248353023171,98.45341570467934,49.56194554647884,11.018375088609739,0.0,True,True
Agent_2,78,0.01584693377844839,5.215302069994501,1491.6272658068804,98.99170775757676,49.561950293905134,11.018380524561412,0.0,True,True
Agent_2,79,0.01584693377844839,5.215302069994501,1490.5811063963465,98.5470133175409,49.561946548724656,11.018365902234784,0.0,True,True
Agent_2,80,0.01584693377844839,5.215302069994501,1490.6738416278583,97.67686991058882,49.56193870451522,11.018366861252462,0.0,True,True
Agent_2,81,0.006308664337200304,5.076983331222527,1490.6662630959215,97.0954378198681,49.5619334797622,11.018366540995336,0.0,True,True
Agent_2,82,0.006308664337200304,5.076983331222527,1491.201650524687,96.97477792929585,49.561932266042696,11.018373895097819,0.0,True,True
Agent_2,83,0.006308664337200304,5.076983331222527,1489.8964901099102,100.15635898774188,49.56196118044462,11.018357037672418,0.0,True,True
Agent_2,84,0.006308664337200304,5.076983331222527,1487.0051613195867,102.35134705743273,49.56198160865221,11.018317894320868,0.0,True,True
Agent_2,85,0.006308664337200304,5.076983331222527,1485.8443081040214,99.38597104677767,49.561955232331556,11.018300752631902,0.0,True,True
Agent_2,86,0.006308664337200304,5.076983331222527,1486.4520547893817,95.11204053944452,49.561916666795604,11.018307567226259,0.0,True,True
Agent_2,87,0.006308664337200304,5.076983331222527,1490.070478056471,98.55538951675156,49.56194674713898,11.018358848669111,0.0,True,True
Agent_2,88,0.006308664337200304,5.076983331222527,1488.8232316120393,100.33708176467691,49.56196306376439,11.018342272672824,0.0,True,True
Agent_2,89,0.006308664337200304,5.076983331222527,1487.0920215265128,100.2722128593147,49.5619628980597,11.01831832401832,0.0,True,True
Agent_2,90,0.006308664337200304,5.076983331222527,1487.3272380049734,99.7907823842576,49.5619585136961,11.018321396160447,0.0,True,True
Agent_2,91,0.0025114792726394415,5.021918641317404,1484.5865510674678,96.65894781465458,49.56193102196092,11.018282360140613,0.0,True,True
Agent_2,92,0.0025114792726394415,5.021918641317404,1481.2001062095048,98.1121032631656,49.56194490107009,11.018236099517704,0.0,True,True
Agent_2,93,0.0025114792726394415,5.021918641317404,1480.6893302653837,102.13854594454976,49.561981218517616,11.018230533227284,0.0,True,True
Agent_2,94,0.0025114792726394415,5.021918641317404,1478.5136588172722,102.36494944608619,49.5619837782388,11.018200550248135,0.0,True,True
Agent_2,95,0.0025114792726394415,5.021918641317404,1478.020385093125,106.61364493941026,49.56202208932917,11.01819530817932,0.0,True,True
Agent_2,96,0.0025114792726394415,5.021918641317404,1481.8075476219083,108.90710952799692,49.56204179255428,11.018248495363022,0.0,True,True
Agent_2,97,0.0025114792726394415,5.021918641317404,1478.8175572168507,109.58120451931288,49.56204857297595,11.018207424713928,0.0,True,True
Agent_2,98,0.0025114792726394415,5.021918641317404,1483.0216797962619,110.34764883591659,49.562054449050066,11.018265808150467,0.0,True,True
Agent_2,99,0.0025114792726394415,5.021918641317404,1483.9663164628842,114.24134878107785,49.562089222349414,11.018280305924076,0.0,True,True
Agent_2,100,0.0025114792726394415,5.021918641317404,1486.53806583311,111.83602706197654,49.5620669804862,11.018314954946312,0.0,True,True
Agent_3,1,10.0,150.0,119.2158078616964,2908.7522070139285,49.587537237942215,11.000446679325286,0.0,True,True
Agent_3,2,10.0,150.0,124.52771931688808,2805.2970865962598,49.58660598830011,11.000482083788759,0.0,True,True
Agent_3,3,10.0,150.0,5.785529801705934,2812.152699613546,49.586695990374295,10.998842788894185,0.0,True,True
Agent_3,4,10.0,150.0,24.206359412656102,2914.272658836273,49.58760956837055,10.999135015122572,0.0,True,True
Agent_3,5,10.0,150.0,0.0,2879.4670303088087,49.587302475586235,10.99878752570399,0.0,True,True
Agent_3,6,10.0,150.0,0.0,2929.9483272078587,49.58775626296603,10.998806073478296,0.0,True,True
Agent_3,7,10.0,150.0,0.0,2891.0807711556427,49.587406874037434,10.998791792768424,0.0,True,True
Agent_3,8,10.0,150.0,20.976514143894214,2910.9423378427387,49.58758040302111,10.999089132267557,0.0,True,True
Agent_3,9,10.0,150.0,0.0,2885.3970514354423,49.58735578184066,10.99878970448054,0.0,True,True
Agent_3,10,10.0,150.0,15.226447738170423,2956.412834231236,49.58799052082508,10.999026334890475,0.0,True,True
Agent_3,11,3.981,62.71577157715771,47.77467772661585,2951.5940655764,49.58793942736846,10.999474611358698,0.0,True,True
Agent_3,12,3.981,62.71577157715771,57.600131327755186,2958.7824191702025,49.58800169714292,10.999613110974295,0.0,True,True
Agent_3,13,3.981,62.71577157715771,57.980751133903546,2959.5839649165805,49.58800881145277,10.999618668471424,0.0,True,True
Agent_3,14,3.981,62.71577157715771,48.68326578910128,3009.73,49.58846180656164,10.999508542708647,0.0,True,True
Agent_3,15,3.981,62.71577157715771,46.11404323605037,3002.238605311149,49.5883950787441,10.999470263978553,0.0,True,True
Agent_3,16,3.981,62.71577157715771,0.0,3005.3737000341835,49.58843427800449,10.998833787047646,0.0,True,True
Agent_3,17,3.981,62.71577157715771,0.0,3009.73,49.58847343772713,10.998835387716358,0.0,True,True
Agent_3,18,3.981,62.71577157715771,55.97104805034688,3009.73,49.58846006506397,10.99960931255438,0.0,True,True
Agent_3,19,3.981,62.71577157715771,66.97248360332924,2987.1353255616136,49.58825432767622,10.99975312598528,0.0,True,True
Agent_3,20,3.981,62.71577157715771,64.66242238581731,2984.6924654993854,49.588232920352475,10.999720286384438,0.0,True,True
Agent_3,21,1.5848361,27.967920242024203,56.81857654545009,2981.423812394554,49.58820541220492,10.999610626747073,0.0,True,True
Agent_3,22,1.5848361,27.967920242024203,72.54549915373136,2995.907035211061,49.58833184654002,10.999833409664381,0.0,True,True
Agent_3,23,1.5848361,27.967920242024203,74.14367043521544,2989.8007113865415,49.58827657355232,10.999853263059153,0.0,True,True
Agent_3,24,1.5848361,27.967920242024203,62.35539551619178,2993.588869916554,49.58831344334507,10.999691656994987,0.0,True,True
Agent_3,25,1.5848361,27.967920242024203,70.87949758572313,2993.054259741742,49.58830660050038,10.999809324817512,0.0,True,True
Agent_3,26,1.5848361,27.967920242024203,54.90027559937286,2979.8973955599777,49.58819214932621,10.99958354102847,0.0,True,True
Agent_3,27,1.5848361,27.967920242024203,56.44733686540497,2985.59295944748,49.58824297826714,10.999607026037806,0.0,True,True
Agent_3,28,1.5848361,27.967920242024203,59.127544997307595,2989.6485461394295,49.5882787943111,10.999645576495748,0.0,True,True
Agent_3,29,1.5848361,27.967920242024203,71.72541610198022,2989.8603622728738,49.58827768771448,10.999819847359017,0.0,True,True
Agent_3,30,1.5848361,27.967920242024203,70.06585683212944,2996.117946394159,49.588334335078756,10.999799200707661,0.0,True,True
Agent_3,31,0.63092325141,14.134800625507552,68.1976108491646,2989.97825671664,49.58827959059877,10.999771111110569,0.0,True,True
Agent_3,32,0.63092325141,14.134800625507552,78.08485168726843,2984.8549439266753,49.58823117306792,10.999905940241618,0.0,True,True
Agent_3,33,0.63092325141,14.134800625507552,71.09645089342715,2973.6599091182065,49.58813220873445,10.999805195043292,0.0,True,True
Agent_3,34,0.63092325141,14.134800625507552,62.2987530470993,2971.130153214641,49.58811157071571,10.999682618164007,0.0,True,True
Agent_3,35,0.63092325141,14.134800625507552,62.76618772426121,2970.235547090821,49.58810341720618,10.999688752595993,0.0,True,True
Agent_3,36,0.63092325141,14.134800625507552,59.01721662989885,2980.1358705615344,49.58819330921698,10.9996405542654,0.0,True,True
Agent_3,37,0.63092325141,14.134800625507552,58.59497000152871,2981.842114058785,49.58820874790617,10.999635342979618,0.0,True,True
Agent_3,38,0.63092325141,14.134800625507552,54.45626145538737,2969.17663037684,49.588095884190444,10.999573460947003,0.0,True,True
Agent_3,39,0.63092325141,14.134800625507552,53.320095888207014,2969.2209471397355,49.58809655406227,10.999557767330312,0.0,True,True
Agent_3,40,0.63092325141,14.134800625507552,49.173357448233396,2971.108075307891,49.58811450874948,10.999501123471674,0.0,True,True
Agent_3,41,0.251170546386321,8.627835706172272,56.14329545377287,2975.613279704179,49.588153341460924,10.999599153723363,0.0,True,True
Agent_3,42,0.251170546386321,8.627835706172272,48.83883079413031,2971.879951119808,49.588121527241796,10.999496781633864,0.0,True,True
Agent_3,43,0.251170546386321,8.627835706172272,47.74793589950278,2969.8264288326977,49.58810332836323,10.999480942906201,0.0,True,True
Agent_3,44,0.251170546386321,8.627835706172272,47.90778726172966,2965.7701735676987,49.58806682762278,10.999481662307366,0.0,True,True
Agent_3,45,0.251170546386321,8.627835706172272,49.260929644597375,2964.982189637863,49.58805942093143,10.999500082741717,0.0,True,True
Agent_3,46,0.251170546386321,8.627835706172272,46.4509925363182,2961.803619291923,49.58803151951987,10.99946006113486,0.0,True,True
Agent_3,47,0.251170546386321,8.627835706172272,44.79062382939231,2964.151596961158,49.588053022732154,10.99943796601684,0.0,True,True
Agent_3,48,0.251170546386321,8.627835706172272,46.572997181779606,2961.9334966575498,49.588032657862485,10.999461795842612,0.0,True,True
Agent_3,49,0.251170546386321,8.627835706172272,44.63351260113291,2969.854482063226,49.588104324725315,10.99943788967978,0.0,True,True
Agent_3,50,0.251170546386321,8.627835706172272,40.90214837561273,2968.6395837344844,49.58809429532588,10.999385849100328,0.0,True,True
Agent_3,51,0.0999909945163944,6.435512971784897,38.128100589343894,2974.2331205677433,49.58814523964815,10.999349547764819,0.0,True,True
Agent_3,52,0.0999909945163944,6.435512971784897,31.795770509298656,2973.6507428187133,49.58814151751278,10.999261775695947,0.0,True,True
Agent_3,53,0.0999909945163944,6.435512971784897,29.23098166633262,2972.9474745715597,49.588135808469396,10.999226053538774,0.0,True,True
Agent_3,54,0.0999909945163944,6.435512971784897,26.086197296150097,2976.6634840238644,49.58816996382159,10.99918393578486,0.0,True,True
Agent_3,55,0.0999909945163944,6.435512971784897,26.168375238479705,2975.3560624406136,49.588158191494536,10.99918459159655,0.0,True,True
Agent_3,56,0.0999909945163944,6.435512971784897,28.70171057437239,2974.1184023300225,49.5881464606438,10.99921916555339,0.0,True,True
Agent_3,57,0.0999909945163944,6.435512971784897,33.22842487164132,2978.4462488953245,49.58818428304642,10.99928334763835,0.0,True,True
Agent_3,58,0.0999909945163944,6.435512971784897,33.29691338549841,2979.463189964533,49.58819340818375,10.999284668382655,0.0,True,True
Agent_3,59,0.0999909945163944,6.435512971784897,32.72910221089557,2979.269775069775,49.58819180520129,10.999276746085231,0.0,True,True
Agent_3,60,0.0999909945163944,6.435512971784897,35.26533015544856,2977.724979888768,49.588177312729016,10.999311247160415,0.0,True,True
Agent_3,61,0.03980641491697661,5.562749291225283,36.63350653150093,2975.313766229577,49.58815531091252,10.999329278962538,0.0,True,True
Agent_3,62,0.03980641491697661,5.562749291225283,35.114874976544485,2975.229023053883,49.5881549119869,10.99930824947701,0.0,True,True
Agent_3,63,0.03980641491697661,5.562749291225283,36.46025750711561,2975.0611622612305,49.58815308159622,10.999326790584878,0.0,True,True
Agent_3,64,0.03980641491697661,5.562749291225283,32.64387764846049,2978.4864905437944,49.58818478445125,10.999275279802843,0.0,True,True
Agent_3,65,0.03980641491697661,5.562749291225283,36.13360753716197,2975.181504627943,49.588154241426714,10.999322318176834,0.0,True,True
Agent_3,66,0.03980641491697661,5.562749291225283,36.70772551602951,2972.9458232509705,49.58813400723285,10.999329434921826,0.0,True,True
Agent_3,67,0.03980641491697661,5.562749291225283,32.14860787694747,2972.7239966845136,49.588133102491426,10.999266313837424,0.0,True,True
Agent_3,68,0.03980641491697661,5.562749291225283,31.16788848047642,2975.838211221651,49.58816133115156,10.99925389779953,0.0,True,True
Agent_3,69,0.03980641491697661,5.562749291225283,30.343039920712958,2975.8919779085404,49.58816201154721,10.999242512255698,0.0,True,True
Agent_3,70,0.03980641491697661,5.562749291225283,28.61536683481078,2978.4299180210437,49.58818523841294,10.999219556167557,0.0,True,True
Agent_3,71,0.01584693377844839,5.215302069994501,27.002824547312006,2978.8946208998063,49.58818980099297,10.999197430073048,0.0,True,True
Agent_3,72,0.01584693377844839,5.215302069994501,26.03684337499561,2976.073311729924,49.588164670427474,10.999183036473578,0.0,True,True
Agent_3,73,0.01584693377844839,5.215302069994501,26.073222100965765,2975.848603568839,49.588162641786106,10.999183456907874,0.0,True,True
Agent_3,74,0.01584693377844839,5.215302069994501,24.898423284553722,2971.783201673079,49.588126377690934,10.99916571877554,0.0,True,True
Agent_3,75,0.01584693377844839,5.215302069994501,22.68922010649694,2968.1169170759235,49.58809394847336,10.999133824498147,0.0,True,True
Agent_3,76,0.01584693377844839,5.215302069994501,22.496234807042335,2968.1225830068665,49.58809404551156,10.999131158147394,0.0,True,True
Agent_3,77,0.01584693377844839,5.215302069994501,18.66933225717698,2965.6878666935777,49.588073073590756,10.999077348361508,0.0,True,True
Agent_3,78,0.01584693377844839,5.215302069994501,16.117023093015757,2966.6927213457943,49.588082716193355,10.999042426517923,0.0,True,True
Agent_3,79,0.01584693377844839,5.215302069994501,15.748667378205159,2964.5865275566116,49.58806387116234,10.999036559253419,0.0,True,True
Agent_3,80,0.01584693377844839,5.215302069994501,17.133065312212807,2966.606123429832,49.588081695014466,10.99905644364123,0.0,True,True
Agent_3,81,0.006308664337200304,5.076983331222527,15.275562885083131,2969.592411518584,49.58810898315677,10.999031857086594,0.0,True,True
Agent_3,82,0.006308664337200304,5.076983331222527,17.857772671532587,2966.119960673303,49.588077151659675,10.999066285609475,0.0,True,True
Agent_3,83,0.006308664337200304,5.076983331222527,16.685756929423917,2967.220426490772,49.58808732397894,10.999050484390615,0.0,True,True
Agent_3,84,0.006308664337200304,5.076983331222527,16.947244848514853,2962.7990781782937,49.588047517056,10.99905247529243,0.0,True,True
Agent_3,85,0.006308664337200304,5.076983331222527,19.860062463892483,2964.134605865215,49.58805882652504,10.999093241944179,0.0,True,True
Agent_3,86,0.006308664337200304,5.076983331222527,23.650887006111834,2964.0732899855516,49.58805736968754,10.999145635598978,0.0,True,True
Agent_3,87,0.006308664337200304,5.076983331222527,26.272296427086147,2965.938951715809,49.58807351423409,10.999182567765144,0.0,True,True
Agent_3,88,0.006308664337200304,5.076983331222527,22.967190541203404,2967.159955608061,49.58808527973103,10.999137316359164,0.0,True,True
Agent_3,89,0.006308664337200304,5.076983331222527,26.841607787107815,2968.311785637349,49.58809470813092,10.999191311716556,0.0,True,True
Agent_3,90,0.006308664337200304,5.076983331222527,26.31953873146932,2968.8348982679377,49.58809953523323,10.999184285242215,0.0,True,True
Agent_3,91,0.0025114792726394415,5.021918641317404,22.676183424578824,2967.2329900521227,49.5880860057777,10.999133319405784,0.0,True,True
Agent_3,92,0.0025114792726394415,5.021918641317404,26.522098886137123,2969.3149509846203,49.588103802135535,10.999187262486483,0.0,True,True
Agent_3,93,0.0025114792726394415,5.021918641317404,26.78608303225154,2973.8914967971173,49.5881448786191,10.999192594506441,0.0,True,True
Agent_3,94,0.0025114792726394415,5.021918641317404,25.5484407272108,2974.199755204,49.588147945311945,10.999175594731346,0.0,True,True
Agent_3,95,0.0025114792726394415,5.021918641317404,29.582200682474276,2974.438208980706,49.58814912508745,10.999231457748385,0.0,True,True
Agent_3,96,0.0025114792726394415,5.021918641317404,29.233675477979013,2973.7255241401253,49.58814280188037,10.999226376724028,0.0,True,True
Agent_3,97,0.0025114792726394415,5.021918641317404,27.566452241457363,2976.160111843991,49.58816508524341,10.999204218503818,0.0,True,True
Agent_3,98,0.0025114792726394415,5.021918641317404,26.449858549464775,2976.7351653556248,49.58817052129608,10.99918899052692,0.0,True,True
Agent_3,99,0.0025114792726394415,5.021918641317404,27.055879918967936,2978.5695504699966,49.58818686618924,10.999198044214284,0.0,True,True
Agent_3,100,0.0025114792726394415,5.021918641317404,27.28652036548106,2981.432424233271,49.588212546072064,10.999202285427131,0.0,True,True
Agent_4,1,10.0,150.0,2606.46,874.9260946344584,49.568655384903536,11.034076806244581,0.0,True,False
Agent_4,2,10.0,150.0,2512.2907342517924,833.5211355870985,49.568306070380245,11.032759798765372,0.26595744680851063,True,False
Agent_4,3,10.0,150.0,2512.044357550746,826.168624754722,49.5682400380512,11.032753648069969,0.1276595744680851,True,False
Agent_4,4,10.0,150.0,2376.4497363594573,828.9572588542582,49.568298019873886,11.030880601392564,0.0,True,False
Agent_4,5,10.0,150.0,2403.9677727139974,742.154979534506,49.567511070820544,11.031228547633653,0.46808510638297873,True,False
Agent_4,6,10.0,150.0,2346.7179785801245,818.5834646042459,49.56821198219651,11.03046580143706,0.0,True,False
Agent_4,7,10.0,150.0,2299.3047149374493,721.3925122102391,49.567349824900596,11.02977425271701,0.9042553191489361,True,False
Agent_4,8,10.0,150.0,2231.3790776581823,615.5657054080943,49.56641500666208,11.028796013617812,0.6170212765957447,True,False
Agent_4,9,10.0,150.0,2311.0148467170156,560.269607922105,49.565898638665296,11.029876022334259,0.5319148936170213,True,False
Agent_4,10,10.0,150.0,2230.0192849664522,591.8544046409055,49.56620219333077,11.028768384301483,0.6702127659574468,True,False
Agent_4,11,3.981,62.71577157715771,2229.394030215126,586.2363065853593,49.56615184330885,11.028757649300834,0.6808510638297872,True,False
Agent_4,12,3.981,62.71577157715771,2216.2840125986554,631.2446724889745,49.56655960473285,11.028593230640801,0.6382978723404255,True,False
Agent_4,13,3.981,62.71577157715771,2216.2840125986554,631.2446724889745,49.56655960473285,11.028593230640801,0.6382978723404255,False,False
Agent_4,14,3.981,62.71577157715771,2160.067036122874,620.208355692725,49.56647401995205,11.027812156158516,1.2553191489361701,True,True
Agent_4,15,3.981,62.71577157715771,2167.8729191296707,606.1088474600405,49.56634538711378,11.027914787594856,1.1808510638297873,True,False
Agent_4,16,3.981,62.71577157715771,2117.621988679341,611.8651206102041,49.56640930299729,11.027222425602464,3.0531914893617023,True,True
Agent_4,17,3.981,62.71577157715771,2117.1627928121634,590.6272958189301,49.56621850540142,11.027208171027404,3.25531914893617,True,True
Agent_4,18,3.981,62.71577157715771,2162.418337698256,630.6112696186219,49.566566963058676,11.027848527858366,1.1808510638297873,True,False
Agent_4,19,3.981,62.71577157715771,2215.1721456256428,619.340421729452,49.56645286585729,11.028573428064323,0.6702127659574468,True,False
Agent_4,20,3.981,62.71577157715771,2275.354104614157,611.715482700615,49.5663697366379,11.02940234628039,0.5212765957446809,True,False
Agent_4,21,1.5848361,27.967920242024203,2260.6494274497454,628.2318241346586,49.566521768335335,11.02920527288988,0.5212765957446809,True,False
Agent_4,22,1.5848361,27.967920242024203,2248.2643493003798,625.334675906343,49.566498727948314,11.029033021655271,0.5425531914893618,True,False
Agent_4,23,1.5848361,27.967920242024203,2239.499716326686,608.698250829166,49.56635130623466,11.028905687653182,0.6063829787234043,True,False
Agent_4,24,1.5848361,27.967920242024203,2219.669242217614,597.0444031093632,49.56625135514041,11.02862727340142,0.7021276595744681,True,False
Agent_4,25,1.5848361,27.967920242024203,2222.4887060990595,595.934075569736,49.566240690993844,11.028665826655686,0.6914893617021276,True,False
Agent_4,26,1.5848361,27.967920242024203,2246.9138463433437,599.8065156534864,49.56626958053542,11.029004842517677,0.5957446808510638,True,False
Agent_4,27,1.5848361,27.967920242024203,2252.247915917955,596.6635212228624,49.566240034894186,11.029077391752015,0.5957446808510638,True,False
Agent_4,28,1.5848361,27.967920242024203,2263.6312852737833,573.9194884164588,49.566032827360054,11.02922624054372,0.5957446808510638,True,False
Agent_4,29,1.5848361,27.967920242024203,2260.353195080004,576.0494027081515,49.56605276802109,11.029181729086773,0.6170212765957447,True,False
Agent_4,30,1.5848361,27.967920242024203,2268.3849942967963,573.2294893511965,49.56602547246292,11.029291682668827,0.5957446808510638,True,False
Agent_4,31,0.63092325141,14.134800625507552,2278.6595371347335,580.4208943179937,49.56608762561663,11.029436364132376,0.5638297872340425,True,False
Agent_4,32,0.63092325141,14.134800625507552,2269.581513872874,583.1424022610369,49.566114290381535,11.02931191430375,0.574468085106383,True,False
Agent_4,33,0.63092325141,14.134800625507552,2269.0053702772816,569.7836655225134,49.56599434726636,11.029298972265247,0.5957446808510638,True,False
Agent_4,34,0.63092325141,14.134800625507552,2259.839185346989,574.8885098766644,49.56604245726436,11.02917419245317,0.6170212765957447,True,False
Agent_4,35,0.63092325141,14.134800625507552,2263.1499413115716,579.7288639580366,49.5660851650111,11.029221753367828,0.5957446808510638,True,False
Agent_4,36,0.63092325141,14.134800625507552,2257.394222226728,580.1146967211928,49.566090028597024,11.029142349343667,0.6170212765957447,True,False
Agent_4,37,0.63092325141,14.134800625507552,2257.835373103832,579.9760064729385,49.56608867495678,11.029148394648281,0.6170212765957447,True,False
Agent_4,38,0.63092325141,14.134800625507552,2245.240675265523,584.6554514212487,49.566133791912364,11.028976071545,0.6382978723404255,True,False
Agent_4,39,0.63092325141,14.134800625507552,2246.104551463986,583.5482302273037,49.56612362960678,11.02898759825201,0.6382978723404255,True,False
Agent_4,40,0.63092325141,14.134800625507552,2232.8188807547235,579.7366905648885,49.56609258761384,11.028802560980205,0.6808510638297872,True,False
Agent_4,41,0.251170546386321,8.627835706172272,2230.651406204828,582.4016206234755,49.566117068236544,11.028773598114991,0.6914893617021276,True,False
Agent_4,42,0.251170546386321,8.627835706172272,2231.0405783608653,583.3811134496593,49.56612577865715,11.028779341739483,0.6808510638297872,True,False
Agent_4,43,0.251170546386321,8.627835706172272,2225.552211307055,584.9862059799055,49.56614153717561,11.028704086917836,0.7021276595744681,True,False
Agent_4,44,0.251170546386321,8.627835706172272,2222.310855102492,580.981520005597,49.56610632428467,11.028657796932867,0.723404255319149,True,False
Agent_4,45,0.251170546386321,8.627835706172272,2229.0381600168844,581.8897343759296,49.56611285785,11.028751111220261,0.7021276595744681,True,False
Agent_4,46,0.251170546386321,8.627835706172272,2232.4624856359183,585.3540486029851,49.566143168907566,11.02879972866956,0.6702127659574468,True,False
Agent_4,47,0.251170546386321,8.627835706172272,2232.632446698406,583.5748282260126,49.566127134148964,11.028801414619444,0.6808510638297872,True,False
Agent_4,48,0.251170546386321,8.627835706172272,2234.225502342851,590.9073602201548,49.56619266078672,11.028826164225876,0.6595744680851063,True,False
Agent_4,49,0.251170546386321,8.627835706172272,2238.888432230564,597.122204917915,49.56624739634361,11.028892925215128,0.6276595744680851,True,False
Agent_4,50,0.251170546386321,8.627835706172272,2239.6744842775697,596.1524187412323,49.56623848832459,11.028903427599134,0.6276595744680851,True,False
Agent_4,51,0.0999909945163944,6.435512971784897,2239.6698683557033,597.2753877395857,49.566248583907075,11.028903782301326,0.6276595744680851,True,False
Agent_4,52,0.0999909945163944,6.435512971784897,2239.7642503053326,597.2908109937165,49.566248699670986,11.028905092474393,0.6276595744680851,True,False
Agent_4,53,0.0999909945163944,6.435512971784897,2239.9220967527217,599.3684589811851,49.56626733756494,11.028908048304073,0.6276595744680851,True,False
Agent_4,54,0.0999909945163944,6.435512971784897,2244.439060339943,600.9117600567238,49.56628011555318,11.028971051118567,0.6063829787234043,True,False
Agent_4,55,0.0999909945163944,6.435512971784897,2244.3555957621306,597.8480096543705,49.56625259547344,11.028968755770924,0.6170212765957447,True,False
Agent_4,56,0.0999909945163944,6.435512971784897,2244.934036249178,594.5961052545125,49.566223223618486,11.028975538295589,0.6170212765957447,True,False
Agent_4,57,0.0999909945163944,6.435512971784897,2238.8515712377944,594.4493726145922,49.56622337896157,11.028891419690263,0.6382978723404255,True,False
Agent_4,58,0.0999909945163944,6.435512971784897,2238.8515712377944,594.4493726145922,49.56622337896157,11.028891419690263,0.6382978723404255,False,False
Agent_4,59,0.0999909945163944,6.435512971784897,2235.930566706095,594.0532724555068,49.56622052638719,11.028850901751316,0.648936170212766,True,False
Agent_4,60,0.0999909945163944,6.435512971784897,2236.312052572703,593.9655460618987,49.56621964534205,11.028856141460576,0.648936170212766,True,False
Agent_4,61,0.03980641491697661,5.562749291225283,2233.2017318673543,596.1773895959318,49.56624028166968,11.028813978904784,0.648936170212766,True,False
Agent_4,62,0.03980641491697661,5.562749291225283,2233.546489556208,595.9576895703652,49.566238223206014,11.028818661826929,0.648936170212766,True,False
Agent_4,63,0.03980641491697661,5.562749291225283,2233.262488912689,595.7278164621001,49.56623622569231,11.028814651074702,0.648936170212766,True,False
Agent_4,64,0.03980641491697661,5.562749291225283,2231.2177411460652,593.4642441012404,49.56621637384291,11.028785547702784,0.6702127659574468,True,False
Agent_4,65,0.03980641491697661,5.562749291225283,2228.7001306767984,598.3911326636536,49.56626127226311,11.028752588534584,0.6702127659574468,True,False
Agent_4,66,0.03980641491697661,5.562749291225283,2225.47370663284,599.3568018695655,49.56627073472512,11.028708356898733,0.6702127659574468,True,False
Agent_4,67,0.03980641491697661,5.562749291225283,2224.058302655389,594.8290038415319,49.56623037700078,11.02868710780552,0.6914893617021276,True,False
Agent_4,68,0.03980641491697661,5.562749291225283,2221.5639969077533,591.3539720195341,49.566199744158745,11.028651339864068,0.7021276595744681,True,False
Agent_4,69,0.03980641491697661,5.562749291225283,2221.3460701068298,590.1778727244216,49.56618922491671,11.028647889722485,0.7021276595744681,True,False
Agent_4,70,0.03980641491697661,5.562749291225283,2221.600066286033,592.0460770791301,49.566205956809206,11.02865209626279,0.7021276595744681,True,False
Agent_4,71,0.01584693377844839,5.215302069994501,2221.1716617178827,592.2958523763897,49.56620830588779,11.028646268484984,0.7021276595744681,True,False
Agent_4,72,0.01584693377844839,5.215302069994501,2220.1791045553155,590.6149309093539,49.566193436491496,11.028631924307037,0.7127659574468085,True,False
Agent_4,73,0.01584693377844839,5.215302069994501,2222.9435374109935,594.5556283807208,49.56622818978055,11.028671599097992,0.6914893617021276,True,False
Agent_4,74,0.01584693377844839,5.215302069994501,2223.1825061812333,594.1321819601948,49.5662243254677,11.0286747440263,0.6914893617021276,True,False
Agent_4,75,0.01584693377844839,5.215302069994501,2222.88471876319,589.9090459004302,49.56618643550521,11.028669054739987,0.7021276595744681,True,False
Agent_4,76,0.01584693377844839,5.215302069994501,2220.0159776309083,588.8482383005398,49.56617759507343,11.028629011475756,0.723404255319149,True,False
Agent_4,77,0.01584693377844839,5.215302069994501,2218.423890455999,588.1994558621886,49.56617214895935,11.028606765987178,0.723404255319149,True,False
Agent_4,78,0.01584693377844839,5.215302069994501,2216.32136593549,590.9598826542024,49.56619747222245,11.028578736214262,0.7340425531914894,True,False
Agent_4,79,0.01584693377844839,5.215302069994501,2216.3294517875524,586.4325270939153,49.56615677347078,11.028577161028824,0.7340425531914894,True,False
Agent_4,80,0.01584693377844839,5.215302069994501,2219.399248165706,585.814858018657,49.56615047722231,11.02861935755904,0.723404255319149,True,False
Agent_4,81,0.006308664337200304,5.076983331222527,2218.4460505172906,585.3069521139869,49.56614614262195,11.02860599446445,0.7340425531914894,True,False
Agent_4,82,0.006308664337200304,5.076983331222527,2217.8164361411236,584.3584061531839,49.56613776864782,11.028596939324707,0.7340425531914894,True,False
Agent_4,83,0.006308664337200304,5.076983331222527,2218.868959041049,582.8174552427267,49.56612366182607,11.028610911722996,0.7340425531914894,True,False
Agent_4,84,0.006308664337200304,5.076983331222527,2215.2069292823408,580.9775675919335,49.566108010405806,11.028559614448694,0.7553191489361702,True,False
Agent_4,85,0.006308664337200304,5.076983331222527,2217.9919693553716,576.8880872236246,49.56607057476195,11.028596581777727,0.7553191489361702,True,False
Agent_4,86,0.006308664337200304,5.076983331222527,2215.5251321920146,574.7522719628624,49.56605197356634,11.028561692644617,0.7765957446808511,True,False
Agent_4,87,0.006308664337200304,5.076983331222527,2215.5251321920146,574.7522719628624,49.56605197356634,11.028561692644617,0.7765957446808511,False,False
Agent_4,88,0.006308664337200304,5.076983331222527,2215.42491796305,575.6627427376734,49.566060182153926,11.028560646864443,0.7765957446808511,True,False
Agent_4,89,0.006308664337200304,5.076983331222527,2214.8000447321356,577.2708903469113,49.56607478936806,11.028552609907814,0.7765957446808511,True,False
Agent_4,90,0.006308664337200304,5.076983331222527,2214.8000447321356,577.2708903469113,49.56607478936806,11.028552609907814,0.7765957446808511,False,False
Agent_4,91,0.0025114792726394415,5.021918641317404,2214.8000447321356,577.2708903469113,49.56607478936806,11.028552609907814,0.7765957446808511,False,False
Agent_4,92,0.0025114792726394415,5.021918641317404,2214.7736531169876,576.1908329227848,49.566065087033664,11.028551842724825,0.7765957446808511,True,False
Agent_4,93,0.0025114792726394415,5.021918641317404,2213.7690676876446,577.7542814885614,49.56607938446448,11.028538541235756,0.7765957446808511,True,False
Agent_4,94,0.0025114792726394415,5.021918641317404,2214.2474100187997,574.9442960511694,49.566054009337186,11.028544105236461,0.7872340425531915,True,False
Agent_4,95,0.0025114792726394415,5.021918641317404,2214.2474100187997,574.9442960511694,49.566054009337186,11.028544105236461,0.7872340425531915,False,False
Agent_4,96,0.0025114792726394415,5.021918641317404,2211.748888599523,572.6610929506869,49.56603409092148,11.028508723321785,0.8085106382978723,True,False
Agent_4,97,0.0025114792726394415,5.021918641317404,2211.748888599523,572.6610929506869,49.56603409092148,11.028508723321785,0.8085106382978723,False,False
Agent_4,98,0.0025114792726394415,5.021918641317404,2210.467020216522,573.1496706182047,49.56603879343508,11.028491189107799,0.8085106382978723,True,False
Agent_4,99,0.0025114792726394415,5.021918641317404,2210.467020216522,573.1496706182047,49.56603879343508,11.028491189107799,0.8085106382978723,False,False
Agent_4,100,0.0025114792726394415,5.021918641317404,2209.405503899294,570.9484235524719,49.566019263476775,11.028475698099848,0.8297872340425531,True,False
Agent_5,1,10.0,150.0,1667.7292956025444,191.6759385892475,49.56274095850326,11.020848576951705,0.5,True,True
Agent_5,2,10.0,150.0,1712.8894731331877,193.85884511308478,49.562749676990926,11.02147349116311,0.5851063829787234,True,True
Agent_5,3,10.0,150.0,1717.8540674869753,213.83643550376283,49.56292805925953,11.021549517956558,0.6914893617021276,True,True
Agent_5,4,10.0,150.0,1716.1475138435728,263.0251942312574,49.56337063556376,11.02154419633125,1.0319148936170213,True,True
Agent_5,5,10.0,150.0,1828.0674988609023,268.46525096814,49.56339249805292,11.02309294593753,1.053191489361702,True,True
Agent_5,6,10.0,150.0,1853.7370012753593,319.3928950898106,49.56384408827896,11.023466623677686,1.2872340425531914,True,True
Agent_5,7,10.0,150.0,1832.2008203881612,247.51037107397437,49.56320313312227,11.023142281928628,0.9574468085106382,True,False
Agent_5,8,10.0,150.0,1835.939629364176,237.36610941313822,49.563111041482664,11.023190182461585,0.8936170212765958,True,False
Agent_5,9,10.0,150.0,1838.652142135567,238.1045478471601,49.56311702379075,11.023227943429626,0.8936170212765958,True,False
Agent_5,10,10.0,150.0,1894.5799045379879,172.29570236240102,49.56251194009563,11.02397639496365,0.3829787234042553,True,False
Agent_5,11,3.981,62.71577157715771,1887.985379731572,146.94333354092467,49.56228563906794,11.023875837220782,0.11702127659574468,True,False
Agent_5,12,3.981,62.71577157715771,1908.178826698244,149.60484925907366,49.56230468117662,11.024155892585867,0.1276595744680851,True,False
Agent_5,13,3.981,62.71577157715771,1920.4641073857624,112.83678758228234,49.561971197990104,11.024312001216897,0.0,True,False
Agent_5,14,3.981,62.71577157715771,1925.3037141977284,110.16706649511868,49.5619460292029,11.024377889791062,0.0,True,False
Agent_5,15,3.981,62.71577157715771,1926.8541541601264,147.0660244618009,49.56227734328065,11.024413034829502,0.06382978723404255,True,False
Agent_5,16,3.981,62.71577157715771,1902.3141364601552,143.3430784645828,49.56224981147313,11.024072517009197,0.0851063829787234,True,False
Agent_5,17,3.981,62.71577157715771,1894.441578644375,163.1271063018442,49.56242955594741,11.023971075230628,0.30851063829787234,True,False
Agent_5,18,3.981,62.71577157715771,1889.1844880448343,172.26773034500303,49.562512993163566,11.023901821556764,0.40425531914893614,True,False
Agent_5,19,3.981,62.71577157715771,1882.04872716011,171.79702812009074,49.562510487186216,11.023803032557884,0.41489361702127653,True,False
Agent_5,20,3.981,62.71577157715771,1825.344124794521,168.24662371152053,49.5624922787113,11.023018072803348,0.41489361702127653,True,False
Agent_5,21,1.5848361,27.967920242024203,1825.344124794521,168.24662371152053,49.5624922787113,11.023018072803348,0.41489361702127653,False,False
Agent_5,22,1.5848361,27.967920242024203,1825.6970480753514,172.32713018504927,49.562528873595866,11.02302446617579,0.4787234042553191,True,False
Agent_5,23,1.5848361,27.967920242024203,1831.177207625939,188.25879024356664,49.56267076081693,11.023106119905915,0.6170212765957447,True,False
Agent_5,24,1.5848361,27.967920242024203,1832.353110388424,169.96331690146147,49.562506016365376,11.023115572708125,0.4574468085106383,True,False
Agent_5,25,1.5848361,27.967920242024203,1834.3302028540518,156.28605007649313,49.5623825919008,11.023137813572156,0.23404255319148937,True,False
Agent_5,26,1.5848361,27.967920242024203,1834.3302028540518,156.28605007649313,49.5623825919008,11.023137813572156,0.23404255319148937,False,False
Agent_5,27,1.5848361,27.967920242024203,1818.001113886985,149.2816437496779,49.562323574703285,11.022909548735981,0.10638297872340426,True,False
Agent_5,28,1.5848361,27.967920242024203,1829.539428778723,136.06847323654657,49.562202011447134,11.02306409489153,0.0,True,False
Agent_5,29,1.5848361,27.967920242024203,1840.786055827595,141.2135578543287,49.56224554310147,11.023221430713535,0.05319148936170213,True,False
Agent_5,30,1.5848361,27.967920242024203,1838.2830778787147,148.47640938857074,49.56231143471761,11.023189539146593,0.1276595744680851,True,False
Agent_5,31,0.63092325141,14.134800625507552,1845.0121608773813,150.95515893122342,49.56233209010245,11.02328345374859,0.14893617021276595,True,False
Agent_5,32,0.63092325141,14.134800625507552,1842.6454752006741,156.8882583020479,49.56238599548788,11.023252951614007,0.24468085106382978,True,False
Agent_5,33,0.63092325141,14.134800625507552,1853.6582744093648,161.0014858221648,49.56242030790603,11.023406673317997,0.3617021276595745,True,False
Agent_5,34,0.63092325141,14.134800625507552,1864.4818503848983,166.66548670619244,49.56246860594762,11.02355835655587,0.40425531914893614,True,False
Agent_5,35,0.63092325141,14.134800625507552,1869.8225165572962,159.806485457543,49.562405658507494,11.023629613716013,0.30851063829787234,True,False
Agent_5,36,0.63092325141,14.134800625507552,1862.2014252805643,161.62543160636656,49.562423851540245,11.023524968744466,0.37234042553191493,True,False
Agent_5,37,0.63092325141,14.134800625507552,1865.4904744447176,149.39699245341,49.56231313354985,11.02356587775009,0.14893617021276595,True,False
Agent_5,38,0.63092325141,14.134800625507552,1868.8723134746251,140.82649358659813,49.56223527478058,11.023609428354908,0.031914893617021274,True,False
Agent_5,39,0.63092325141,14.134800625507552,1866.7648735552148,141.1517463987335,49.562238707968596,11.023580425214043,0.0425531914893617,True,False
Agent_5,40,0.63092325141,14.134800625507552,1868.1186820124954,141.7062808509016,49.56224336547766,11.023599340422635,0.05319148936170213,True,False
Agent_5,41,0.251170546386321,8.627835706172272,1870.506308904565,139.95147435359615,49.56222701412123,11.023631684348715,0.02127659574468085,True,False
Agent_5,42,0.251170546386321,8.627835706172272,1869.018107062282,139.90892665505572,49.562226991416495,11.02361110215651,0.02127659574468085,True,False
Agent_5,43,0.251170546386321,8.627835706172272,1865.5130906382587,141.35409268782567,49.56224082948561,11.02356320124835,0.0425531914893617,True,False
Agent_5,44,0.251170546386321,8.627835706172272,1864.1574207982367,141.15899627792442,49.56223940345256,11.023544393899813,0.0425531914893617,True,False
Agent_5,45,0.251170546386321,8.627835706172272,1863.433693433703,144.6107354182357,49.56227060650176,11.023535675040394,0.09574468085106383,True,False
Agent_5,46,0.251170546386321,8.627835706172272,1860.7144811408048,148.99429610663412,49.56231066817527,11.02349972557872,0.1276595744680851,True,False
Agent_5,47,0.251170546386321,8.627835706172272,1862.0770839657503,143.57822750661592,49.56226165309818,11.02351654348908,0.0851063829787234,True,False
Agent_5,48,0.251170546386321,8.627835706172272,1866.92813058744,146.8530279730768,49.562289918011146,11.02358480019775,0.10638297872340426,True,False
Agent_5,49,0.251170546386321,8.627835706172272,1865.5986694160138,152.95411430075208,49.562345082792625,11.023568694933084,0.1702127659574468,True,False
Agent_5,50,0.251170546386321,8.627835706172272,1865.5986694160138,152.95411430075208,49.562345082792625,11.023568694933084,0.1702127659574468,False,False
Agent_5,51,0.0999909945163944,6.435512971784897,1863.7229698721808,156.20156854412622,49.56237472797328,11.023543980289295,0.23404255319148937,True,False
Agent_5,52,0.0999909945163944,6.435512971784897,1865.1423617607466,157.94901561552564,49.56239009286906,11.023564245221841,0.2872340425531915,True,False
Agent_5,53,0.0999909945163944,6.435512971784897,1869.545165682063,157.04290656104843,49.56238088341244,11.023624753732525,0.26595744680851063,True,False
Agent_5,54,0.0999909945163944,6.435512971784897,1864.5533519635055,153.64858280323605,49.56235157814443,11.023554507101284,0.18085106382978725,True,False
Agent_5,55,0.0999909945163944,6.435512971784897,1860.9130086337227,157.21290407750834,49.562384498246765,11.023505523422871,0.26595744680851063,True,False
Agent_5,56,0.0999909945163944,6.435512971784897,1860.9130086337227,157.21290407750834,49.562384498246765,11.023505523422871,0.26595744680851063,False,False
Agent_5,57,0.0999909945163944,6.435512971784897,1860.9130086337227,157.21290407750834,49.562384498246765,11.023505523422871,0.26595744680851063,False,False
Agent_5,58,0.0999909945163944,6.435512971784897,1859.2568349903586,155.04915122036087,49.56236544835373,11.02348183155855,0.19148936170212766,True,False
Agent_5,59,0.0999909945163944,6.435512971784897,1858.502879254863,155.93082378666122,49.56237355606571,11.023471739797937,0.22340425531914895,True,False
Agent_5,60,0.0999909945163944,6.435512971784897,1859.8634507791567,161.8758528165552,49.562426667764825,11.02349275176333,0.37234042553191493,True,False
Agent_5,61,0.03980641491697661,5.562749291225283,1858.6079344044933,161.98442604577033,49.5624279472347,11.02347544128406,0.37234042553191493,True,False
Agent_5,62,0.03980641491697661,5.562749291225283,1862.7639012678935,164.1737123774022,49.56244662237504,11.023533689008092,0.39361702127659576,True,False
Agent_5,63,0.03980641491697661,5.562749291225283,1866.214958841789,166.71904406206605,49.56246866842422,11.023582327474017,0.40425531914893614,True,False
Agent_5,64,0.03980641491697661,5.562749291225283,1868.720439814923,162.48977762609795,49.56243004536303,11.023615380625726,0.3617021276595745,True,False
Agent_5,65,0.03980641491697661,5.562749291225283,1866.5099681463414,166.13464846962663,49.562463343906686,11.023586187222282,0.40425531914893614,True,False
Agent_5,66,0.03980641491697661,5.562749291225283,1867.9344036664158,167.67169604259186,49.56247681626857,11.023606443712128,0.40425531914893614,True,False
Agent_5,67,0.03980641491697661,5.562749291225283,1867.9344036664158,167.67169604259186,49.56247681626857,11.023606443712128,0.40425531914893614,False,False
Agent_5,68,0.03980641491697661,5.562749291225283,1869.166643832609,169.77150309072405,49.5624953938013,11.02362425328338,0.41489361702127653,True,False
Agent_5,69,0.03980641491697661,5.562749291225283,1865.979083150088,171.77035071584078,49.562514132247735,11.023580945033453,0.4361702127659574,True,False
Agent_5,70,0.03980641491697661,5.562749291225283,1866.1724854608376,174.233736354883,49.56253622916461,11.02358453330023,0.4787234042553191,True,False
Agent_5,71,0.01584693377844839,5.215302069994501,1865.32261349196,178.0439484252425,49.5625706850659,11.023574204361275,0.5,True,False
Agent_5,72,0.01584693377844839,5.215302069994501,1862.679750104658,178.92239146725174,49.562579220371205,11.023538007205655,0.5,True,False
Agent_5,73,0.01584693377844839,5.215302069994501,1862.679750104658,178.92239146725174,49.562579220371205,11.023538007205655,0.5,False,False
Agent_5,74,0.01584693377844839,5.215302069994501,1859.3475385401005,182.5687207524063,49.56261280316407,11.0234933120661,0.5425531914893618,True,False
Agent_5,75,0.01584693377844839,5.215302069994501,1861.7438407512457,182.33369056680985,49.56261011118994,11.02352634096222,0.5319148936170213,True,False
Agent_5,76,0.01584693377844839,5.215302069994501,1859.7165335213806,184.1930635351274,49.56262731538045,11.023499015131561,0.5425531914893618,True,False
Agent_5,77,0.01584693377844839,5.215302069994501,1863.8815385827597,183.29685847464054,49.56261825246724,11.023556241312694,0.5425531914893618,True,False
Agent_5,78,0.01584693377844839,5.215302069994501,1864.7227055473713,184.29307270592565,49.56262700421567,11.023568236247712,0.5425531914893618,True,False
Agent_5,79,0.01584693377844839,5.215302069994501,1866.7563492859583,182.23673589508957,49.56260802794571,11.023595576420904,0.5319148936170213,True,False
Agent_5,80,0.01584693377844839,5.215302069994501,1866.7563492859583,182.23673589508957,49.56260802794571,11.023595576420904,0.5319148936170213,False,False
Agent_5,81,0.006308664337200304,5.076983331222527,1866.7563492859583,182.23673589508957,49.56260802794571,11.023595576420904,0.5319148936170213,False,False
Agent_5,82,0.006308664337200304,5.076983331222527,1868.0915955220942,184.0115993125074,49.562623659620876,11.023614688787422,0.5319148936170213,True,False
Agent_5,83,0.006308664337200304,5.076983331222527,1868.4919244415814,186.26671088961743,49.562643834312276,11.023621059344075,0.5319148936170213,True,False
Agent_5,84,0.006308664337200304,5.076983331222527,1868.7585213193886,186.31180844841583,49.56264417525139,11.023624760402864,0.5319148936170213,True,False
Agent_5,85,0.006308664337200304,5.076983331222527,1869.20911153095,191.34085152735113,49.56268927299408,11.023632856512709,0.5638297872340425,True,False
Agent_5,86,0.006308664337200304,5.076983331222527,1869.107974645102,191.44209945955348,49.56269020757323,11.023631496455895,0.5638297872340425,True,False
Agent_5,87,0.006308664337200304,5.076983331222527,1869.107974645102,191.44209945955348,49.56269020757323,11.023631496455895,0.5638297872340425,False,False
Agent_5,88,0.006308664337200304,5.076983331222527,1870.0531907943064,192.5502086641973,49.56269993999709,11.0236449709426,0.574468085106383,True,False
Agent_5,89,0.006308664337200304,5.076983331222527,1870.0531907943064,192.5502086641973,49.56269993999709,11.0236449709426,0.574468085106383,False,False
Agent_5,90,0.006308664337200304,5.076983331222527,1869.425148495251,190.36097104126557,49.56268041250507,11.023635477909863,0.5638297872340425,True,False
Agent_5,91,0.0025114792726394415,5.021918641317404,1870.5544020426312,190.97464879544052,49.56268565593446,11.023651311984763,0.5638297872340425,True,False
Agent_5,92,0.0025114792726394415,5.021918641317404,1867.0726543292387,189.87221105037693,49.562676587683946,11.023602785392361,0.5638297872340425,True,False
Agent_5,93,0.0025114792726394415,5.021918641317404,1868.1805420520586,190.8027381464161,49.56268468447962,11.023618441950543,0.5638297872340425,True,False
Agent_5,94,0.0025114792726394415,5.021918641317404,1870.1946947662673,191.4258296887393,49.56268979861181,11.02364650860679,0.5638297872340425,True,False
Agent_5,95,0.0025114792726394415,5.021918641317404,1869.6580652274074,191.57403613736506,49.56269126058573,11.023639147604122,0.5638297872340425,True,False
Agent_5,96,0.0025114792726394415,5.021918641317404,1869.590311461934,191.5269003346191,49.56269085325557,11.023638193745805,0.5638297872340425,True,False
Agent_5,97,0.0025114792726394415,5.021918641317404,1869.62681910088,192.24700671481946,49.56269731755243,11.023638965905002,0.574468085106383,True,False
Agent_5,98,0.0025114792726394415,5.021918641317404,1866.8394627139821,193.57495513208022,49.56270992846656,11.023600938869755,0.5851063829787234,True,False
Agent_5,99,0.0025114792726394415,5.021918641317404,1866.9634158497042,195.66324824496448,49.56272867041894,11.023603427988004,0.5957446808510638,True,False
Agent_5,100,0.0025114792726394415,5.021918641317404,1866.743095207372,195.29404281483022,49.56272540484783,11.023600245994418,0.5957446808510638,True,False
