Dataset,K,PDR_measured,PDR_pred_mean_iso,PDR_iso_added,Rx_measured,Rx_sum_iso,eta_from_PDR,eta_from_Rx,N_runs,added_RSU_nearest_dist_m,measured_up,dilution_predicts_up,Rx_iso_added,marginal_eta
algo1 · 6Mbps,1,31.28,31.28,31.28,29405.5,29403.0,0.0,-0.0001,2.0,,,,29403.0,
algo1 · 6Mbps,2,22.95,22.61,13.94,43148.0,42510.0,-0.015,-0.015,2.0,842.6064662699902,False,False,13107.0,-0.04848554207675293
algo1 · 6Mbps,3,15.945,15.643,1.71,44964.5,44116.0,-0.0193,-0.0192,2.0,230.9838360145576,False,False,1606.0,
algo1 · 6Mbps,4,15.27,15.12,13.55,57405.0,56852.0,-0.0099,-0.0097,2.0,613.6426596155128,False,False,12736.0,0.023201947236180853
algo1 · 6Mbps,5,13.17,13.188,5.46,61888.5,61985.0,0.0014,0.0016,2.0,281.3682803728949,False,False,5133.0,0.12653419053185266
algo1 · 6Mbps,6,14.02,14.825,23.01,79069.5,83615.0,0.0543,0.0544,2.0,204.96122023446304,True,True,21630.0,0.20568654646324547
algo1 · 6Mbps,7,12.59,13.479,5.4,82843.5,88694.0,0.0659,0.066,2.0,550.7791928713356,False,False,5079.0,0.2569403425871235
algo1 · 6Mbps,8,11.39,12.061,2.14,85643.0,90701.0,0.0557,0.0558,2.0,254.7087344399481,False,False,2007.0,-0.39486796213253617
algo1 · 6Mbps,9,10.5,11.171,4.05,88856.0,94506.0,0.0601,0.0598,2.0,367.77113861748325,False,False,3805.0,0.15558475689881734
algo1 · 6Mbps,10,9.61,10.153,0.99,90336.0,95433.0,0.0535,0.0534,2.0,469.42724303133485,False,False,927.0,
algo1 · 6Mbps,11,8.795,9.232,0.02,90951.0,95452.0,0.0473,0.0472,2.0,231.92288804686794,False,False,19.0,
algo1 · 6Mbps,12,8.385,8.756,3.52,94534.0,98762.0,0.0424,0.0428,2.0,345.0895293978072,False,False,3310.0,-0.08247734138972818
algo1 · 6Mbps,13,7.745,8.145,0.81,94642.5,99522.0,0.0491,0.049,2.0,393.12009068476766,False,False,760.0,
algo1 · 6Mbps,14,7.455,8.316,10.54,98058.5,109428.0,0.1035,0.1039,2.0,282.1849482165906,False,True,9906.0,0.6551584898041591
algo1 · 6Mbps,15,7.03,7.843,1.23,99139.0,110588.0,0.1037,0.1035,2.0,281.49511274620744,False,False,1160.0,
algo1 · 6Mbps,16,7.56,8.027,10.78,113759.5,120719.0,0.0582,0.0577,2.0,251.4221501777437,True,True,10131.0,-0.44314480307965654
algo1 · 6Mbps,17,7.11,7.606,0.87,113606.5,121540.0,0.0652,0.0653,2.0,417.37504764899376,False,False,821.0,
algo1 · 6Mbps,18,6.89,7.319,2.44,116643.0,123834.0,0.0586,0.0581,1.0,213.1563079057242,False,False,2294.0,-0.3236704446381866
algo7 · 6Mbps,1,20.625,20.62,20.62,19384.5,19385.0,-0.0002,0.0,2.0,,,,19385.0,
algo7 · 6Mbps,2,19.23,20.36,20.1,36156.5,38283.5,0.0555,0.0556,2.0,289.64157850695415,False,False,18898.5,0.11252215784321506
algo7 · 6Mbps,3,17.98,18.223,13.95,50714.0,51394.0,0.0134,0.0132,2.0,852.0926586351978,False,False,13110.5,-0.1103695511231455
algo7 · 6Mbps,4,14.885,15.095,5.71,55965.0,56764.0,0.0139,0.0141,2.0,308.7489991886614,False,False,5370.0,0.02216014897579144
algo7 · 6Mbps,5,17.625,17.584,27.54,82856.0,82649.5,-0.0023,-0.0025,2.0,243.29139339483413,True,True,25885.5,-0.03884414054200236
algo7 · 27Mbps,1,12.49,10.39,10.39,,13662.5,-0.2021,,2.0,,,,13662.5,
algo7 · 27Mbps,2,11.44,10.385,10.38,,23422.0,-0.1016,,2.0,289.64157850695415,False,False,9759.5,
algo7 · 27Mbps,3,10.1,9.39,7.4,,30377.5,-0.0756,,2.0,852.0926586351978,False,False,6955.5,
algo7 · 27Mbps,4,8.57,8.108,4.26,,34377.5,-0.057,,2.0,308.7489991886614,False,False,4000.0,
algo7 · 27Mbps,5,8.54,8.154,8.34,,42221.0,-0.0473,,2.0,243.29139339483413,False,False,7843.5,
algo7 · 27Mbps,6,8.1,7.778,5.9,,47772.0,-0.0414,,2.0,241.5164611367101,False,False,5551.0,
algo7 · 27Mbps,7,7.18,6.899,1.62,,49295.5,-0.0408,,2.0,421.6037624357734,False,False,1523.5,
algo7 · 27Mbps,8,6.74,6.476,3.52,,52603.5,-0.0407,,2.0,316.21871165381714,False,False,3308.0,
algo7 · 27Mbps,9,6.2,5.972,1.94,,54430.0,-0.0381,,2.0,226.01073425835338,False,False,1826.5,
algo7 · 27Mbps,10,5.65,5.533,1.58,,55919.5,-0.0211,,2.0,231.005767893358,False,False,1489.5,
algo7 · 27Mbps,11,5.35,5.172,1.56,,57377.5,-0.0345,,2.0,210.46246696263927,False,False,1458.0,
algo7 · 27Mbps,12,4.99,4.829,1.06,,58379.5,-0.0333,,2.0,219.8239989173157,False,False,1002.0,
algo7 · 27Mbps,13,4.78,4.62,2.11,,60363.0,-0.0346,,2.0,215.20353737799024,False,False,1983.5,
algo7 · 27Mbps,14,4.49,4.351,0.86,,61164.5,-0.0318,,2.0,648.1550987225202,False,False,801.5,
algo7 · 27Mbps,15,4.24,4.107,0.68,,61809.0,-0.0325,,2.0,218.17910830324703,False,False,644.5,
algo7 · 27Mbps,16,4.12,4.002,2.44,,64105.0,-0.0294,,2.0,155.72449068788112,False,False,2296.0,
algo7 · 27Mbps,17,4.1,3.979,3.6,,67494.0,-0.0305,,2.0,158.36693625880372,False,False,3389.0,
algo7 · 27Mbps,18,4.02,3.903,2.62,,69957.5,-0.0299,,2.0,154.8400184060957,False,False,2463.5,
algo7 · 27Mbps,19,3.85,3.748,0.95,,70850.0,-0.0272,,2.0,256.57597490801845,False,False,892.5,
algo7 · 27Mbps,20,3.7,3.6,0.8,,71605.5,-0.0276,,2.0,278.3929217850195,False,False,755.5,
algo7 · 27Mbps,21,3.56,3.47,0.85,,72407.5,-0.0261,,2.0,300.40925951108744,False,False,802.0,
algo7 · 27Mbps,22,3.49,3.399,1.92,,74208.0,-0.0267,,2.0,276.5828425625857,False,False,1800.5,
algo7 · 27Mbps,23,3.37,3.281,0.68,,74854.5,-0.0272,,2.0,241.03707266725587,False,False,646.5,
algo7 · 27Mbps,24,3.27,3.188,1.06,,75856.5,-0.0256,,2.0,215.70298120332038,False,False,1002.0,
algo7 · 27Mbps,25,3.25,3.179,2.96,,78643.0,-0.0223,,2.0,123.8652299880801,False,False,2786.5,
algo7 · 27Mbps,26,3.19,3.111,1.41,,79968.5,-0.0253,,2.0,269.84504460893845,False,False,1325.5,
algo7 · 27Mbps,27,3.09,3.017,0.58,,80513.5,-0.0241,,2.0,309.97043617093533,False,False,545.0,
"algo7 · 27Mbps (legacy coords, 30 runs)",1,1.08,1.09,1.09,1015.57,,0.0092,,30.0,,,,,
"algo7 · 27Mbps (legacy coords, 30 runs)",2,0.54,0.545,0.0,1018.73,,0.0092,,30.0,,False,False,,
"algo7 · 27Mbps (legacy coords, 30 runs)",3,0.36,0.363,0.0,1016.07,,0.0092,,30.0,,False,False,,
"algo7 · 27Mbps (legacy coords, 30 runs)",4,0.45,0.455,0.73,1705.03,,0.011,,30.0,,True,True,,
"algo7 · 27Mbps (legacy coords, 30 runs)",5,0.36,0.364,0.0,1702.6,,0.011,,30.0,,False,False,,
"algo7 · 27Mbps (legacy coords, 30 runs)",6,0.3,0.305,0.01,1716.0,,0.0164,,30.0,,False,False,,
"algo7 · 27Mbps (legacy coords, 30 runs)",7,0.26,0.261,0.0,1713.13,,0.0055,,30.0,,False,False,,
"algo7 · 27Mbps (legacy coords, 30 runs)",8,1.29,1.29,8.49,9695.0,,0.0,,30.0,,True,True,,
"algo7 · 27Mbps (legacy coords, 30 runs)",9,1.23,1.233,0.78,10424.63,,0.0027,,30.0,,False,False,,
"algo7 · 27Mbps (legacy coords, 30 runs)",10,1.11,1.11,0.0,10423.23,,-0.0,,30.0,,False,False,,
"algo7 · 27Mbps (legacy coords, 30 runs)",11,1.01,1.009,0.0,10425.4,,-0.0009,,30.0,,False,False,,
"algo7 · 27Mbps (legacy coords, 30 runs)",12,0.92,0.925,0.0,10425.1,,0.0054,,30.0,,False,False,,
"algo7 · 27Mbps (legacy coords, 30 runs)",13,0.94,0.938,1.1,11460.27,,-0.0016,,30.0,,True,True,,
"algo7 · 27Mbps (legacy coords, 30 runs)",14,0.96,0.959,1.22,12608.73,,-0.0015,,30.0,,True,True,,
"algo7 · 27Mbps (legacy coords, 30 runs)",15,0.89,0.895,0.0,12502.03,,0.0052,,30.0,,False,False,,
"algo7 · 27Mbps (legacy coords, 30 runs)",16,0.84,0.839,0.0,12596.6,,-0.0015,,30.0,,False,False,,
"algo7 · 27Mbps (legacy coords, 30 runs)",17,0.79,0.789,0.0,12588.7,,-0.0007,,30.0,,False,False,,
"algo7 · 27Mbps (legacy coords, 30 runs)",18,0.75,0.746,0.0,12604.6,,-0.006,,30.0,,False,False,,
"algo7 · 27Mbps (legacy coords, 30 runs)",19,0.7,0.706,0.0,12576.0,,0.0089,,30.0,,False,False,,
"algo7 · 27Mbps (legacy coords, 30 runs)",20,0.71,0.708,0.74,13295.87,,-0.0028,,30.0,,True,True,,
"algo7 · 27Mbps (legacy coords, 30 runs)",21,0.69,0.692,0.37,13646.83,,0.0028,,30.0,,False,False,,
"algo7 · 27Mbps (legacy coords, 30 runs)",22,0.65,0.66,0.0,13471.73,,0.0158,,30.0,,False,False,,
"algo7 · 27Mbps (legacy coords, 30 runs)",23,0.63,0.632,0.0,13622.87,,0.0028,,30.0,,False,False,,
"algo7 · 27Mbps (legacy coords, 30 runs)",24,0.6,0.605,0.0,13639.63,,0.0089,,30.0,,False,False,,
"algo7 · 27Mbps (legacy coords, 30 runs)",25,0.58,0.581,0.0,13632.57,,0.0021,,30.0,,False,False,,
"algo7 · 27Mbps (legacy coords, 30 runs)",26,0.56,0.559,0.0,13633.6,,-0.0021,,30.0,,False,False,,
"algo7 · 27Mbps (legacy coords, 30 runs)",27,0.54,0.538,0.0,13626.67,,-0.0034,,30.0,,False,False,,
