Step,Temp,Raw_X,Raw_Y,Sim_X,Sim_Y,Lat,Lon,PDR,Accepted,IsBest
1,10.0,2124.9901866980986,662.3718451223249,2149.9901866980986,2372.358154877675,49.56686152811155,11.027343067813886,2.379787234042553,True,False
2,10.0,2253.2019564959983,742.5549356824355,2278.2019564959983,2292.1750643175646,49.567551233611255,11.029144953686854,2.8904255319148935,True,True
3,10.0,2170.7365187635487,751.8684071459886,2195.7365187635487,2282.861592854011,49.567654938972595,11.028008661737372,2.9106382978723406,True,True
4,8.5,2305.059225267018,674.8482872520045,2330.059225267018,2359.8817127479956,49.56693003975072,11.029836431604076,2.5829787234042554,True,False
5,8.5,2267.973154557209,546.340185134694,2292.973154557209,2488.389814865306,49.565783862110706,11.029275968184402,1.9095744680851063,True,False
6,8.5,2169.013760460155,646.4387638896854,2194.013760460155,2388.2912361103145,49.56670763996197,11.027945577642331,2.3329787234042554,True,False
7,7.225,2061.858303887527,719.6249557213168,2086.858303887527,2315.105044278683,49.56739146934452,11.026491840177439,2.6648936170212765,True,False
8,7.225,2199.755242733841,845.6280908885644,2224.755242733841,2189.101909111436,49.568490721191914,11.028444668206836,3.207446808510638,True,True
9,7.225,2176.845108522422,904.6165823161041,2201.845108522422,2130.113417683896,49.56902652539399,11.028149996261055,3.1819148936170216,True,False
10,6.141249999999999,2215.3104837981523,935.4556572173087,2240.3104837981523,2099.2743427826913,49.569294418683654,11.02869313799017,3.18936170212766,True,False
11,6.141249999999999,2119.1190651450815,1053.9302366077104,2144.1190651450815,1980.7997633922896,49.57038270366718,11.027407745415928,2.301063829787234,True,False
12,6.141249999999999,2120.247356116237,1119.0516256757603,2145.247356116237,1915.6783743242397,49.57096781214238,11.027447595590582,0.018085106382978722,True,False
13,5.220062499999999,2245.5276042625687,1036.7778677844974,2270.5276042625687,1997.9521322155026,49.570197887376935,11.029148554585104,1.1053191489361702,True,False
14,5.220062499999999,2201.5773688420554,1168.8791834195183,2226.5773688420554,1865.8508165804817,49.57139600992648,11.028590312165113,0.3861702127659575,True,False
15,5.220062499999999,2155.917969036521,1020.1376813890123,2180.917969036521,2014.5923186109876,49.570070024860215,11.027903786484272,2.269148936170213,True,False
16,4.437053124999999,2105.74076763359,984.9605111938108,2130.74076763359,2049.769488806189,49.56976596910708,11.027197147069613,3.054255319148936,True,False
17,4.437053124999999,2092.534675099769,1022.9449903834457,2117.534675099769,2011.7850096165544,49.57011061331631,11.027028760629296,2.9053191489361705,True,False
18,4.437053124999999,2195.174161186904,892.5379926648957,2220.174161186904,2142.1920073351043,49.56891350840009,11.028398830535268,3.245744680851064,True,True
19,3.7714951562499994,2227.715672843669,961.0540571718402,2252.715672843669,2073.67594282816,49.569521517938405,11.0288741378222,3.0382978723404253,True,False
20,3.7714951562499994,2081.0245562343207,1052.0625171878173,2106.0245562343207,1982.6674828121827,49.570375140764824,11.026880511833811,2.779787234042553,True,False
21,3.7714951562499994,2000.4677219595471,1014.5861448448859,2025.4677219595471,2020.1438551551141,49.570057764396026,11.025753116911833,3.2574468085106383,True,True
22,3.2057708828124993,2109.5009685842338,911.5191762674322,2134.5009685842338,2123.210823732568,49.569104887679735,11.027221769482018,3.1138297872340424,True,False
23,3.2057708828124993,2087.422507676869,931.9537463991229,2112.422507676869,2102.776253600877,49.56929392282928,11.02692422009346,3.1180851063829786,True,False
24,3.2057708828124993,2111.772238324296,1075.7585768187632,2136.772238324296,1958.9714231812368,49.57058070005,11.027314328011679,2.004255319148936,True,False
25,2.7249052503906244,2056.6681974319254,1095.8594533196806,2081.6681974319254,1938.8705466803194,49.570774733080796,11.026560166296703,2.428723404255319,True,False
26,2.7249052503906244,1930.973132395501,1136.8847511176334,1955.973132395501,1897.8452488823666,49.571173934329984,11.024838067819498,3.4882978723404254,True,True
27,2.7249052503906244,1886.2459657381203,1081.2396046491288,1911.2459657381203,1953.4903953508713,49.5706845530693,11.0241991500424,3.3436170212765957,True,False
28,2.316169462832031,1793.0062816886882,1192.938709381642,1818.0062816886882,1841.791290618358,49.571711170703054,11.02295190211747,3.9521276595744683,True,True
29,2.316169462832031,1696.6241424921568,1304.6698840719232,1721.6241424921568,1730.0601159280768,49.57273882271727,11.02166117709867,3.9712765957446807,True,True
30,2.316169462832031,1569.6400379968368,1334.6649347605785,1594.6400379968368,1700.0650652394215,49.57303911112834,11.01991705631814,3.230851063829787,True,False
31,1.968744043407226,1522.8530902621267,1202.4310267118876,1547.8530902621267,1832.2989732881124,49.571861733184846,11.019221278165517,1.8340425531914895,True,False
32,1.968744043407226,1382.4029926540074,1122.9991533898876,1407.4029926540074,1911.7308466101124,49.571181576349055,11.01725048481073,1.2659574468085106,True,False
33,1.968744043407226,1382.4029926540074,1122.9991533898876,1407.4029926540074,1911.7308466101124,49.571181576349055,11.01725048481073,1.2659574468085106,False,False
34,1.6734324368961422,1409.7695146552358,982.0612710207434,1434.7695146552358,2052.6687289792567,49.56990806955088,11.01757651136747,1.3595744680851065,True,False
35,1.6734324368961422,1425.6870663899117,1094.1774526252698,1450.6870663899117,1940.5525473747302,49.57091206049086,11.017838081442617,2.331914893617021,True,False
36,1.6734324368961422,1425.6870663899117,1094.1774526252698,1450.6870663899117,1940.5525473747302,49.57091206049086,11.017838081442617,2.331914893617021,False,False
37,1.4224175713617209,1280.3353444841036,1126.529937359525,1305.3353444841036,1908.200062640475,49.571237906178645,11.015840992066938,8.952127659574469,True,True
38,1.4224175713617209,1280.3353444841036,1126.529937359525,1305.3353444841036,1908.200062640475,49.571237906178645,11.015840992066938,8.952127659574469,False,True
39,1.4224175713617209,1280.3353444841036,1126.529937359525,1305.3353444841036,1908.200062640475,49.571237906178645,11.015840992066938,8.952127659574469,False,True
40,1.2090549356574627,1280.3353444841036,1126.529937359525,1305.3353444841036,1908.200062640475,49.571237906178645,11.015840992066938,8.952127659574469,False,True
41,1.2090549356574627,1280.3353444841036,1126.529937359525,1305.3353444841036,1908.200062640475,49.571237906178645,11.015840992066938,8.952127659574469,False,True
42,1.2090549356574627,1280.3353444841036,1126.529937359525,1305.3353444841036,1908.200062640475,49.571237906178645,11.015840992066938,8.952127659574469,False,True
43,1.0276966953088433,1280.3353444841036,1126.529937359525,1305.3353444841036,1908.200062640475,49.571237906178645,11.015840992066938,8.952127659574469,False,True
44,1.0276966953088433,1280.3353444841036,1126.529937359525,1305.3353444841036,1908.200062640475,49.571237906178645,11.015840992066938,8.952127659574469,False,True
45,1.0276966953088433,1280.3353444841036,1126.529937359525,1305.3353444841036,1908.200062640475,49.571237906178645,11.015840992066938,8.952127659574469,False,True
46,0.8735421910125168,1280.3353444841036,1126.529937359525,1305.3353444841036,1908.200062640475,49.571237906178645,11.015840992066938,8.952127659574469,False,True
47,0.8735421910125168,1209.354296227237,1276.360146408208,1234.354296227237,1758.369853591792,49.57260184425937,11.014915338298662,14.769148936170213,True,True
48,0.8735421910125168,1198.708860657082,1301.879947474458,1223.708860657082,1732.850052525542,49.57283380834355,11.014777636904377,14.956382978723404,True,True
49,0.7425108623606393,1285.1542123216516,1425.5471851275151,1310.1542123216516,1609.1828148724849,49.5739246554832,11.016018348791814,22.961702127659574,True,True
50,0.7425108623606393,1297.1056050136815,1501.2234407083733,1322.1056050136815,1533.5065592916267,49.574602041232595,11.016211586392785,25.323404255319147,True,True
51,0.7425108623606393,1297.1056050136815,1501.2234407083733,1322.1056050136815,1533.5065592916267,49.574602041232595,11.016211586392785,25.323404255319147,False,True
52,0.6311342330065435,1297.1056050136815,1501.2234407083733,1322.1056050136815,1533.5065592916267,49.574602041232595,11.016211586392785,25.323404255319147,False,True
53,0.6311342330065435,1251.5653947186092,1569.3870420301932,1276.5653947186092,1465.3429579698068,49.575225742733245,11.015607319687792,26.657446808510638,True,True
54,0.6311342330065435,1251.5653947186092,1569.3870420301932,1276.5653947186092,1465.3429579698068,49.575225742733245,11.015607319687792,26.657446808510638,False,True
55,0.5364640980555619,1124.7097108732962,1653.9553272956796,1149.7097108732962,1380.7746727043204,49.57601647760965,11.013885040065118,27.520212765957446,True,True
56,0.5364640980555619,1108.4438719296973,1664.5477317775624,1133.4438719296973,1370.1822682224376,49.57611560817361,11.013664106894966,27.447872340425533,True,False
57,0.5364640980555619,1108.4438719296973,1664.5477317775624,1133.4438719296973,1370.1822682224376,49.57611560817361,11.013664106894966,27.447872340425533,False,False
58,0.45599448334722764,1108.4438719296973,1664.5477317775624,1133.4438719296973,1370.1822682224376,49.57611560817361,11.013664106894966,27.447872340425533,False,False
59,0.45599448334722764,1197.504619661822,1662.0047409404224,1222.504619661822,1372.7252590595776,49.57607131406207,11.014894306879583,30.611702127659573,True,True
60,0.45599448334722764,1197.504619661822,1662.0047409404224,1222.504619661822,1372.7252590595776,49.57607131406207,11.014894306879583,30.611702127659573,False,True
61,0.3875953108451435,1068.3655219583238,1637.181347295443,1093.3655219583238,1397.548652704557,49.57587924907125,11.013099955993798,30.98723404255319,True,True
62,0.3875953108451435,1068.3655219583238,1637.181347295443,1093.3655219583238,1397.548652704557,49.57587924907125,11.013099955993798,30.98723404255319,False,True
63,0.3875953108451435,1068.3655219583238,1637.181347295443,1093.3655219583238,1397.548652704557,49.57587924907125,11.013099955993798,30.98723404255319,False,True
64,0.32945601421837195,1068.3655219583238,1637.181347295443,1093.3655219583238,1397.548652704557,49.57587924907125,11.013099955993798,30.98723404255319,False,True
65,0.32945601421837195,1068.3655219583238,1637.181347295443,1093.3655219583238,1397.548652704557,49.57587924907125,11.013099955993798,30.98723404255319,False,True
66,0.32945601421837195,1068.3655219583238,1637.181347295443,1093.3655219583238,1397.548652704557,49.57587924907125,11.013099955993798,30.98723404255319,False,True
67,0.28003761208561617,1068.3655219583238,1637.181347295443,1093.3655219583238,1397.548652704557,49.57587924907125,11.013099955993798,30.98723404255319,False,True
68,0.28003761208561617,1068.3655219583238,1637.181347295443,1093.3655219583238,1397.548652704557,49.57587924907125,11.013099955993798,30.98723404255319,False,True
69,0.28003761208561617,1076.9967025559006,1655.152771301531,1101.9967025559006,1379.577228698469,49.57603872085936,11.013225917597039,30.748936170212765,True,False
70,0.23803197027277373,1076.9967025559006,1655.152771301531,1101.9967025559006,1379.577228698469,49.57603872085936,11.013225917597039,30.748936170212765,False,False
71,0.23803197027277373,1076.9967025559006,1655.152771301531,1101.9967025559006,1379.577228698469,49.57603872085936,11.013225917597039,30.748936170212765,False,False
72,0.23803197027277373,1076.9967025559006,1655.152771301531,1101.9967025559006,1379.577228698469,49.57603872085936,11.013225917597039,30.748936170212765,False,False
73,0.20232717473185766,1076.9967025559006,1655.152771301531,1101.9967025559006,1379.577228698469,49.57603872085936,11.013225917597039,30.748936170212765,False,False
74,0.20232717473185766,1076.9967025559006,1655.152771301531,1101.9967025559006,1379.577228698469,49.57603872085936,11.013225917597039,30.748936170212765,False,False
75,0.20232717473185766,1076.9967025559006,1655.152771301531,1101.9967025559006,1379.577228698469,49.57603872085936,11.013225917597039,30.748936170212765,False,False
76,0.17197809852207901,1076.9967025559006,1655.152771301531,1101.9967025559006,1379.577228698469,49.57603872085936,11.013225917597039,30.748936170212765,False,False
77,0.17197809852207901,1076.9967025559006,1655.152771301531,1101.9967025559006,1379.577228698469,49.57603872085936,11.013225917597039,30.748936170212765,False,False
78,0.17197809852207901,1076.9967025559006,1655.152771301531,1101.9967025559006,1379.577228698469,49.57603872085936,11.013225917597039,30.748936170212765,False,False
79,0.14618138374376716,1076.9967025559006,1655.152771301531,1101.9967025559006,1379.577228698469,49.57603872085936,11.013225917597039,30.748936170212765,False,False
80,0.14618138374376716,1076.9967025559006,1655.152771301531,1101.9967025559006,1379.577228698469,49.57603872085936,11.013225917597039,30.748936170212765,False,False
81,0.14618138374376716,1076.9967025559006,1655.152771301531,1101.9967025559006,1379.577228698469,49.57603872085936,11.013225917597039,30.748936170212765,False,False
82,0.12425417618220208,1076.9967025559006,1655.152771301531,1101.9967025559006,1379.577228698469,49.57603872085936,11.013225917597039,30.748936170212765,False,False
83,0.12425417618220208,1175.4495398449415,1634.3797493080044,1200.4495398449415,1400.3502506919956,49.57582829823824,11.014579200335218,30.918085106382982,True,False
84,0.12425417618220208,1175.4495398449415,1634.3797493080044,1200.4495398449415,1400.3502506919956,49.57582829823824,11.014579200335218,30.918085106382982,False,False
85,0.10561604975487177,1175.4495398449415,1634.3797493080044,1200.4495398449415,1400.3502506919956,49.57582829823824,11.014579200335218,30.918085106382982,False,False
86,0.10561604975487177,1175.4495398449415,1634.3797493080044,1200.4495398449415,1400.3502506919956,49.57582829823824,11.014579200335218,30.918085106382982,False,False
87,0.10561604975487177,1175.4495398449415,1634.3797493080044,1200.4495398449415,1400.3502506919956,49.57582829823824,11.014579200335218,30.918085106382982,False,False
